debugR6fvQ:debugexANw,initialized,0,,1524173359043
debugR6fvQ:debugexANw,window_resize,0,"[1024, 768]",1524173359043
debugSOo3q:debugeKYEZ,initialized,0,,1524173538344
debugSOo3q:debugeKYEZ,window_resize,0,"[1024, 768]",1524173538344
debugPwB9Y:debug7HyJl,initialized,0,,1524181869798
debugPwB9Y:debug7HyJl,window_resize,0,"[1024, 768]",1524181869798
debugPwB9Y:debug7HyJl,window_resize,789,"[919, 1023]",1524181870587
debugydNTB:debugXWM2L,initialized,0,,1524180607231
debugydNTB:debugXWM2L,window_resize,0,"[1032, 787]",1524180607231
debugydNTB:debugXWM2L,focus,2189,off,1524180609420
debugydNTB:debugXWM2L,focus,25,on,1524180609445
debugydNTB:debugXWM2L,window_resize,217,"[1283, 1333]",1524180609662
debugydNTB:debugXWM2L,focus,527,off,1524180610189
debugydNTB:debugXWM2L,focus,56,on,1524180610245
debugydNTB:debugXWM2L,window_resize,210,"[1282, 1331]",1524180610455
debugydNTB:debugXWM2L,window_resize,18777,"[1279, 1331]",1524180629232
debugydNTB:debugXWM2L,focus,536,off,1524180629768
debugydNTB:debugXWM2L,focus,626,on,1524180630394
debugydNTB:debugXWM2L,window_resize,415,"[2560, 1440]",1524180630809
debugydNTB:debugXWM2L,window_resize,424,"[1279, 1331]",1524180631233
debugydNTB:debugXWM2L,focus,19625,off,1524180650858
debugydNTB:debugXWM2L,focus,2628,on,1524180653486
debugydNTB:debugXWM2L,focus,365,off,1524180653851
debugydNTB:debugXWM2L,focus,3138,on,1524180656989
debugydNTB:debugXWM2L,focus,8724,off,1524180665713
debugydNTB:debugXWM2L,focus,2762,on,1524180668475
debugydNTB:debugXWM2L,focus,1334,off,1524180669809
debugydNTB:debugXWM2L,focus,4063,on,1524180673872
debugydNTB:debugXWM2L,focus,1350,off,1524180675222
debugydNTB:debugXWM2L,focus,2067,on,1524180677289
debugydNTB:debugXWM2L,focus,939,off,1524180678228
debugydNTB:debugXWM2L,focus,3499,on,1524180681727
debugydNTB:debugXWM2L,focus,1419,off,1524180683146
debugydNTB:debugXWM2L,focus,2309,on,1524180685455
debugydNTB:debugXWM2L,focus,1212,off,1524180686667
debugydNTB:debugXWM2L,focus,2187,on,1524180688854
debugydNTB:debugXWM2L,focus,1363,off,1524180690217
debugydNTB:debugXWM2L,focus,2923,on,1524180693140
debugydNTB:debugXWM2L,focus,1991,off,1524180695131
debugydNTB:debugXWM2L,focus,2844,on,1524180697975
debugydNTB:debugXWM2L,focus,1106,off,1524180699081
debugydNTB:debugXWM2L,focus,5687,on,1524180704768
debugydNTB:debugXWM2L,focus,4619,off,1524180709387
debugydNTB:debugXWM2L,focus,1108,on,1524180710495
debugydNTB:debugXWM2L,focus,4449,off,1524180714944
debugydNTB:debugXWM2L,focus,2332,on,1524180717276
debugydNTB:debugXWM2L,focus,12006,off,1524180729282
debugydNTB:debugXWM2L,focus,2646,on,1524180731928
debugydNTB:debugXWM2L,focus,32542,off,1524180764470
debugydNTB:debugXWM2L,focus,2834,on,1524180767304
debugydNTB:debugXWM2L,focus,17975,off,1524180785279
debugydNTB:debugXWM2L,focus,1723,on,1524180787002
debugydNTB:debugXWM2L,focus,940,off,1524180787942
debugydNTB:debugXWM2L,focus,2325,on,1524180790267
debugydNTB:debugXWM2L,focus,1345,off,1524180791612
debugydNTB:debugXWM2L,focus,1781,on,1524180793393
debugydNTB:debugXWM2L,focus,824,off,1524180794217
debugydNTB:debugXWM2L,focus,2409,on,1524180796626
debugydNTB:debugXWM2L,focus,84166,off,1524180880792
debugydNTB:debugXWM2L,focus,2171,on,1524180882963
debugydNTB:debugXWM2L,focus,11494,off,1524180894457
debugydNTB:debugXWM2L,focus,1284,on,1524180895741
debugydNTB:debugXWM2L,focus,4841,off,1524180900582
debugydNTB:debugXWM2L,focus,1999,on,1524180902581
debugydNTB:debugXWM2L,focus,27189,off,1524180929770
debugydNTB:debugXWM2L,focus,4237,on,1524180934007
debugydNTB:debugXWM2L,focus,19788,off,1524180953795
debugydNTB:debugXWM2L,focus,459,on,1524180954254
debugydNTB:debugXWM2L,focus,19,off,1524180954273
debugydNTB:debugXWM2L,focus,3092,on,1524180957365
debugydNTB:debugXWM2L,focus,1139,off,1524180958504
debugydNTB:debugXWM2L,focus,3648,on,1524180962152
debugydNTB:debugXWM2L,focus,2113,off,1524180964265
debugydNTB:debugXWM2L,focus,2323,on,1524180966588
debugydNTB:debugXWM2L,focus,2058,off,1524180968646
debugydNTB:debugXWM2L,focus,2340,on,1524180970986
debugydNTB:debugXWM2L,focus,480,off,1524180971466
debugydNTB:debugXWM2L,focus,2696,on,1524180974162
debugydNTB:debugXWM2L,focus,30032,off,1524181004194
debugydNTB:debugXWM2L,focus,4361,on,1524181008555
debugydNTB:debugXWM2L,focus,1321,off,1524181009876
debugydNTB:debugXWM2L,focus,268,on,1524181010144
debugydNTB:debugXWM2L,focus,10810,off,1524181020954
debugydNTB:debugXWM2L,focus,1599,on,1524181022553
debugydNTB:debugXWM2L,focus,6849,off,1524181029402
debugydNTB:debugXWM2L,focus,930,on,1524181030332
debugydNTB:debugXWM2L,focus,1627,off,1524181031959
debugydNTB:debugXWM2L,focus,1853,on,1524181033812
debugydNTB:debugXWM2L,focus,1062,off,1524181034874
debugydNTB:debugXWM2L,focus,2052,on,1524181036926
debugydNTB:debugXWM2L,focus,1532,off,1524181038458
debugydNTB:debugXWM2L,focus,2991,on,1524181041449
debugydNTB:debugXWM2L,focus,1353,off,1524181042802
debugydNTB:debugXWM2L,focus,2947,on,1524181045749
debugydNTB:debugXWM2L,focus,501,off,1524181046250
debugydNTB:debugXWM2L,focus,4977,on,1524181051227
debugydNTB:debugXWM2L,focus,790,off,1524181052017
debugydNTB:debugXWM2L,focus,4114,on,1524181056131
debugydNTB:debugXWM2L,focus,2695,off,1524181058826
debugydNTB:debugXWM2L,focus,1733,on,1524181060559
debugydNTB:debugXWM2L,focus,1717,off,1524181062276
debugydNTB:debugXWM2L,focus,119,on,1524181062395
debugydNTB:debugXWM2L,focus,2571,off,1524181064966
debugydNTB:debugXWM2L,focus,1028,on,1524181065994
debugydNTB:debugXWM2L,focus,4639,off,1524181070633
debugydNTB:debugXWM2L,focus,3589,on,1524181074222
debugydNTB:debugXWM2L,focus,3078,off,1524181077300
debugydNTB:debugXWM2L,focus,2023,on,1524181079323
debugydNTB:debugXWM2L,focus,2557,off,1524181081880
debugydNTB:debugXWM2L,focus,11978,on,1524181093858
debugydNTB:debugXWM2L,focus,11211,off,1524181105069
debugydNTB:debugXWM2L,focus,31681,on,1524181136750
debugydNTB:debugXWM2L,focus,6380,off,1524181143130
debugydNTB:debugXWM2L,focus,9212,on,1524181152342
debugXYZjn:debugQptTe,initialized,0,,1524180651727
debugXYZjn:debugQptTe,window_resize,0,"[1024, 721]",1524180651727
debugXYZjn:debugQptTe,window_resize,8531,"[1366, 768]",1524180660258
debugXYZjn:debugQptTe,window_resize,242331,"[1024, 721]",1524180902589
debugXYZjn:debugQptTe,focus,1655,off,1524180904244
debugXYZjn:debugQptTe,focus,4923,on,1524180909167
debugXYZjn:debugQptTe,window_resize,3692,"[1366, 677]",1524180912859
debugXYZjn:debugQptTe,window_resize,32518,"[1366, 768]",1524180945377
debugXYZjn:debugQptTe,window_resize,1659,"[1366, 677]",1524180947036
debugXYZjn:debugQptTe,focus,2220,off,1524180949256
debugXYZjn:debugQptTe,focus,24170,on,1524180973426
debug3TsrU:debugdBkGR,initialized,0,,1524182844970
debug3TsrU:debugdBkGR,window_resize,0,"[1024, 768]",1524182844970
debug3TsrU:debugdBkGR,window_resize,9773,"[1600, 900]",1524182854743
debugArL0f:debug8ehq8,initialized,0,,1524182499494
debugArL0f:debug8ehq8,window_resize,0,"[1024, 768]",1524182499494
debugArL0f:debug8ehq8,focus,4261,off,1524182503755
debugArL0f:debug8ehq8,focus,15760,on,1524182519515
debugArL0f:debug8ehq8,window_resize,1475,"[1920, 1080]",1524182520990
A1PTH9KTRO06EG:30MVJZJNHNTGZ1WQL190RQ3EPKDJ9U,initialized,0,,1524508900855
A1PTH9KTRO06EG:30MVJZJNHNTGZ1WQL190RQ3EPKDJ9U,window_resize,0,"[1024, 656]",1524508900855
A1PTH9KTRO06EG:30MVJZJNHNTGZ1WQL190RQ3EPKDJ9U,focus,7982,off,1524508908837
A1PTH9KTRO06EG:30MVJZJNHNTGZ1WQL190RQ3EPKDJ9U,focus,13257,on,1524508922094
A1PTH9KTRO06EG:30MVJZJNHNTGZ1WQL190RQ3EPKDJ9U,window_resize,2943,"[1366, 663]",1524508925037
A1PTH9KTRO06EG:30MVJZJNHNTGZ1WQL190RQ3EPKDJ9U,window_resize,2852,"[1366, 768]",1524508927889
debug29E7h:debugDQ0kS,initialized,0,,1524182466840
debug29E7h:debugDQ0kS,window_resize,0,"[1024, 721]",1524182466840
debug29E7h:debugDQ0kS,window_resize,7641,"[1366, 768]",1524182474481
A1YVMDRR9W1LZ1:3VE8AYVF8ND0GURKXJC1CWGBC8MF88,initialized,0,,1524518349690
A1YVMDRR9W1LZ1:3VE8AYVF8ND0GURKXJC1CWGBC8MF88,window_resize,0,"[1024, 768]",1524518349690
A1YVMDRR9W1LZ1:3VE8AYVF8ND0GURKXJC1CWGBC8MF88,window_resize,612,"[1680, 960]",1524518350302
A1YVMDRR9W1LZ1:3VE8AYVF8ND0GURKXJC1CWGBC8MF88,window_resize,4609,"[1680, 1050]",1524518354911
A1YVMDRR9W1LZ1:3VE8AYVF8ND0GURKXJC1CWGBC8MF88,window_resize,1587,"[1680, 960]",1524518356498
A1YVMDRR9W1LZ1:3VE8AYVF8ND0GURKXJC1CWGBC8MF88,focus,361857,off,1524518718355
A1YVMDRR9W1LZ1:3VE8AYVF8ND0GURKXJC1CWGBC8MF88,focus,3680,on,1524518722035
A3VBAQB2WO36Q1:3AMW0RGHOEIXAE3IHOXP6NKA3CJPNQ,initialized,0,,1524593064608
A3VBAQB2WO36Q1:3AMW0RGHOEIXAE3IHOXP6NKA3CJPNQ,window_resize,1,"[1366, 677]",1524593064609
A3VBAQB2WO36Q1:3AMW0RGHOEIXAE3IHOXP6NKA3CJPNQ,window_resize,7317,"[1366, 768]",1524593071926
A2H91DERNK3CAL:378XPAWRUDTY99MPVP20BKZYIRPIAN,initialized,0,,1524593324304
A2H91DERNK3CAL:378XPAWRUDTY99MPVP20BKZYIRPIAN,window_resize,0,"[1024, 768]",1524593324304
A2H91DERNK3CAL:378XPAWRUDTY99MPVP20BKZYIRPIAN,window_resize,8173,"[1920, 989]",1524593332477
A2H91DERNK3CAL:378XPAWRUDTY99MPVP20BKZYIRPIAN,window_resize,4330,"[1920, 1080]",1524593336807
A2H91DERNK3CAL:378XPAWRUDTY99MPVP20BKZYIRPIAN,window_resize,7883,"[1920, 989]",1524593344690
A2H91DERNK3CAL:378XPAWRUDTY99MPVP20BKZYIRPIAN,focus,1419,off,1524593346109
A2H91DERNK3CAL:378XPAWRUDTY99MPVP20BKZYIRPIAN,focus,5009,on,1524593351118
A2H91DERNK3CAL:378XPAWRUDTY99MPVP20BKZYIRPIAN,focus,8070,off,1524593359188
A2H91DERNK3CAL:378XPAWRUDTY99MPVP20BKZYIRPIAN,focus,994,on,1524593360182
A2H91DERNK3CAL:378XPAWRUDTY99MPVP20BKZYIRPIAN,focus,1110,off,1524593361292
A2H91DERNK3CAL:378XPAWRUDTY99MPVP20BKZYIRPIAN,focus,9394,on,1524593370686
A2H91DERNK3CAL:378XPAWRUDTY99MPVP20BKZYIRPIAN,window_resize,9782,"[1920, 1080]",1524593380468
debugSRdHS:debugSyr9E,initialized,0,,1524180668522
debugSRdHS:debugSyr9E,window_resize,0,"[1024, 652]",1524180668522
debugSRdHS:debugSyr9E,focus,176,on,1524180668698
debugSRdHS:debugSyr9E,focus,76248,off,1524180744946
debugSRdHS:debugSyr9E,focus,164,on,1524180745110
debugSRdHS:debugSyr9E,focus,956,off,1524180746066
debugSRdHS:debugSyr9E,focus,3444,on,1524180749510
debugSRdHS:debugSyr9E,window_resize,510,"[1366, 768]",1524180750020
debugSRdHS:debugSyr9E,focus,41998,off,1524180792018
debugSRdHS:debugSyr9E,focus,9050,on,1524180801068
debugSRdHS:debugSyr9E,focus,92596,off,1524180893664
debugSRdHS:debugSyr9E,focus,2222,on,1524180895886
debugSRdHS:debugSyr9E,focus,4716,off,1524180900602
debugSRdHS:debugSyr9E,focus,2510,on,1524180903112
debugSRdHS:debugSyr9E,focus,1336,off,1524180904448
debugSRdHS:debugSyr9E,focus,2296,on,1524180906744
debugSRdHS:debugSyr9E,focus,126660,off,1524181033404
debugSRdHS:debugSyr9E,focus,20032,on,1524181053436
debugSRdHS:debugSyr9E,focus,272148,off,1524181325584
debugSRdHS:debugSyr9E,focus,5696,on,1524181331280
A1G17IJC53N6K3:3TDXMTX3CCAXM7AM5CLOVFXCM8ZI6X,initialized,0,,1524593354833
A1G17IJC53N6K3:3TDXMTX3CCAXM7AM5CLOVFXCM8ZI6X,window_resize,0,"[1024, 721]",1524593354833
A1G17IJC53N6K3:3TDXMTX3CCAXM7AM5CLOVFXCM8ZI6X,focus,80062,on,1524593434895
A1G17IJC53N6K3:3TDXMTX3CCAXM7AM5CLOVFXCM8ZI6X,window_resize,10583,"[1366, 768]",1524593445478
debugSUG1J:debugAElyt,initialized,0,,1524181790550
debugSUG1J:debugAElyt,window_resize,0,"[1920, 989]",1524181790550
A1OPSHV7LWGBUY:3CPLWGV3MPFCIRNB0Z1SKXKVY81N9T,initialized,0,,1524593062970
A1OPSHV7LWGBUY:3CPLWGV3MPFCIRNB0Z1SKXKVY81N9T,window_resize,0,"[981, 1823]",1524593062970
A1OPSHV7LWGBUY:3CPLWGV3MPFCIRNB0Z1SKXKVY81N9T,window_resize,7813,"[412, 846]",1524593070783
A324AD5U1SV0OA:3H0W84IWBLIESL6K1HYVLVQGQY6REN,initialized,0,,1524512195125
A324AD5U1SV0OA:3H0W84IWBLIESL6K1HYVLVQGQY6REN,window_resize,0,"[1024, 768]",1524512195125
A324AD5U1SV0OA:3H0W84IWBLIESL6K1HYVLVQGQY6REN,window_resize,3941,"[1280, 1024]",1524512199066
A324AD5U1SV0OA:3H0W84IWBLIESL6K1HYVLVQGQY6REN,window_resize,12057310,"[1024, 768]",1524524256376
A2XRE5QRJYDWDA:3TVRFO09GLVCVN2OR2RRN82O0CCLXK,initialized,0,,1524510001650
A2XRE5QRJYDWDA:3TVRFO09GLVCVN2OR2RRN82O0CCLXK,window_resize,0,"[1024, 705]",1524510001650
A2XRE5QRJYDWDA:3TVRFO09GLVCVN2OR2RRN82O0CCLXK,window_resize,6963,"[1366, 768]",1524510008613
A23EWFNNOUS10B:3NGMS9VZTMY9V9175XI7MOXXZFAFF6,initialized,0,,1524593832488
A23EWFNNOUS10B:3NGMS9VZTMY9V9175XI7MOXXZFAFF6,window_resize,0,"[1920, 989]",1524593832488
A23EWFNNOUS10B:3NGMS9VZTMY9V9175XI7MOXXZFAFF6,window_resize,4935,"[1920, 1080]",1524593837423
A23EWFNNOUS10B:3NGMS9VZTMY9V9175XI7MOXXZFAFF6,window_resize,1576,"[1920, 989]",1524593838999
A23EWFNNOUS10B:3NGMS9VZTMY9V9175XI7MOXXZFAFF6,focus,36524,off,1524593875523
A23EWFNNOUS10B:3NGMS9VZTMY9V9175XI7MOXXZFAFF6,focus,2677,on,1524593878200
A23EWFNNOUS10B:3NGMS9VZTMY9V9175XI7MOXXZFAFF6,focus,54845,off,1524593933045
A23EWFNNOUS10B:3NGMS9VZTMY9V9175XI7MOXXZFAFF6,focus,1819,on,1524593934864
A23EWFNNOUS10B:3NGMS9VZTMY9V9175XI7MOXXZFAFF6,focus,28756,off,1524593963620
A23EWFNNOUS10B:3NGMS9VZTMY9V9175XI7MOXXZFAFF6,focus,8283,on,1524593971903
A23EWFNNOUS10B:3NGMS9VZTMY9V9175XI7MOXXZFAFF6,focus,3581,off,1524593975484
A23EWFNNOUS10B:3NGMS9VZTMY9V9175XI7MOXXZFAFF6,focus,1147,on,1524593976631
A23EWFNNOUS10B:3NGMS9VZTMY9V9175XI7MOXXZFAFF6,focus,4196,off,1524593980827
A23EWFNNOUS10B:3NGMS9VZTMY9V9175XI7MOXXZFAFF6,focus,2204,on,1524593983031
A23EWFNNOUS10B:3NGMS9VZTMY9V9175XI7MOXXZFAFF6,focus,32348,off,1524594015379
A23EWFNNOUS10B:3NGMS9VZTMY9V9175XI7MOXXZFAFF6,focus,2375,on,1524594017754
A23EWFNNOUS10B:3NGMS9VZTMY9V9175XI7MOXXZFAFF6,focus,41697,off,1524594059451
A23EWFNNOUS10B:3NGMS9VZTMY9V9175XI7MOXXZFAFF6,focus,1157,on,1524594060608
A23EWFNNOUS10B:3NGMS9VZTMY9V9175XI7MOXXZFAFF6,focus,214348,off,1524594274956
A23EWFNNOUS10B:3NGMS9VZTMY9V9175XI7MOXXZFAFF6,focus,4933,on,1524594279889
A1U6A617Q95MTZ:3R6BYFZZP8SQVVSS5ROTSVX43K6XFF,initialized,0,,1524593102539
A1U6A617Q95MTZ:3R6BYFZZP8SQVVSS5ROTSVX43K6XFF,window_resize,0,"[1024, 713]",1524593102539
A1U6A617Q95MTZ:3R6BYFZZP8SQVVSS5ROTSVX43K6XFF,window_resize,4914,"[1366, 768]",1524593107453
A22JBMOHQKHTSS:3FE2ERCCZYOFSZ3UI3X2LCKFTMOPO5,initialized,0,,1524595170168
A22JBMOHQKHTSS:3FE2ERCCZYOFSZ3UI3X2LCKFTMOPO5,window_resize,0,"[1024, 768]",1524595170168
A22JBMOHQKHTSS:3FE2ERCCZYOFSZ3UI3X2LCKFTMOPO5,window_resize,5077,"[1440, 900]",1524595175245
A22JBMOHQKHTSS:3FE2ERCCZYOFSZ3UI3X2LCKFTMOPO5,focus,161080,off,1524595336325
A22JBMOHQKHTSS:3FE2ERCCZYOFSZ3UI3X2LCKFTMOPO5,focus,0,on,1524595336325
A22JBMOHQKHTSS:3FE2ERCCZYOFSZ3UI3X2LCKFTMOPO5,window_resize,202,"[1024, 768]",1524595336527
A22JBMOHQKHTSS:3FE2ERCCZYOFSZ3UI3X2LCKFTMOPO5,window_resize,4411,"[1440, 809]",1524595340938
A22JBMOHQKHTSS:3FE2ERCCZYOFSZ3UI3X2LCKFTMOPO5,window_resize,3363,"[1440, 900]",1524595344301
A333BXH5ATXBHC:3WT783CTPCXCFG5H9T6AVSL9N0RBC2,initialized,0,,1524512257512
A333BXH5ATXBHC:3WT783CTPCXCFG5H9T6AVSL9N0RBC2,window_resize,0,"[1024, 768]",1524512257512
A333BXH5ATXBHC:3WT783CTPCXCFG5H9T6AVSL9N0RBC2,window_resize,4229,"[1600, 900]",1524512261741
debugm0i1V:debugZDptM,initialized,0,,1524181657673
debugm0i1V:debugZDptM,window_resize,0,"[980, 615]",1524181657673
debugm0i1V:debugZDptM,focus,2567,off,1524181660240
debugm0i1V:debugZDptM,focus,3465,on,1524181663705
debugm0i1V:debugZDptM,focus,0,on,1524181663705
debugm0i1V:debugZDptM,window_resize,525045,"[766, 545]",1524182188750
debugCSo7Y:debug8pnPh,initialized,0,,1524182737911
debugCSo7Y:debug8pnPh,window_resize,0,"[1024, 768]",1524182737911
debugCSo7Y:debug8pnPh,window_resize,14656,"[1920, 1080]",1524182752567
debugkZM51:debugEOiYw,initialized,0,,1524182086633
debugkZM51:debugEOiYw,window_resize,0,"[1024, 768]",1524182086633
debugkZM51:debugEOiYw,window_resize,5941,"[1920, 1080]",1524182092574
A1MJFW27HXR76D:3KKG4CDWKJEQWJD5IUMWLOEV7N7498,initialized,0,,1524512441756
A1MJFW27HXR76D:3KKG4CDWKJEQWJD5IUMWLOEV7N7498,window_resize,0,"[1024, 688]",1524512441756
A1MJFW27HXR76D:3KKG4CDWKJEQWJD5IUMWLOEV7N7498,window_resize,9311,"[1360, 768]",1524512451067
debug7r1JL:debugqZhGW,initialized,0,,1524182575516
debug7r1JL:debugqZhGW,window_resize,0,"[1024, 714]",1524182575516
debug7r1JL:debugqZhGW,window_resize,16095,"[1366, 768]",1524182591611
debug7r1JL:debugqZhGW,focus,519653,off,1524183111264
debug7r1JL:debugqZhGW,focus,1,on,1524183111265
APGX2WZ59OWDN:30LSNF239VB946RLIA9L52G063XI2G,initialized,0,,1524594757094
APGX2WZ59OWDN:30LSNF239VB946RLIA9L52G063XI2G,window_resize,0,"[1024, 768]",1524594757094
APGX2WZ59OWDN:30LSNF239VB946RLIA9L52G063XI2G,window_resize,2512,"[1280, 1024]",1524594759606
APGX2WZ59OWDN:30LSNF239VB946RLIA9L52G063XI2G,window_resize,214830,"[1024, 768]",1524594974436
ALKQPW0O9C98N:3MB8LZR5BG96BN3HSJC2XEUM47DKLI,initialized,0,,1524593962688
ALKQPW0O9C98N:3MB8LZR5BG96BN3HSJC2XEUM47DKLI,window_resize,0,"[1366, 677]",1524593962688
ALKQPW0O9C98N:3MB8LZR5BG96BN3HSJC2XEUM47DKLI,window_resize,2067,"[1024, 721]",1524593964755
ALKQPW0O9C98N:3MB8LZR5BG96BN3HSJC2XEUM47DKLI,window_resize,8612,"[1366, 768]",1524593973367
AV7UX8QQXABSK:3PPTZCWALR0CRFIGKPN81FHTIMDZQ8,initialized,0,,1524593022457
AV7UX8QQXABSK:3PPTZCWALR0CRFIGKPN81FHTIMDZQ8,window_resize,0,"[1280, 960]",1524593022457
AV7UX8QQXABSK:3PPTZCWALR0CRFIGKPN81FHTIMDZQ8,focus,2514,on,1524593024971
AV7UX8QQXABSK:3PPTZCWALR0CRFIGKPN81FHTIMDZQ8,focus,3096,off,1524593028067
AV7UX8QQXABSK:3PPTZCWALR0CRFIGKPN81FHTIMDZQ8,focus,14678,on,1524593042745
AV7UX8QQXABSK:3PPTZCWALR0CRFIGKPN81FHTIMDZQ8,window_resize,1454,"[1600, 1280]",1524593044199
AV7UX8QQXABSK:3PPTZCWALR0CRFIGKPN81FHTIMDZQ8,focus,487,off,1524593044686
AV7UX8QQXABSK:3PPTZCWALR0CRFIGKPN81FHTIMDZQ8,window_resize,227,"[1600, 1278]",1524593044913
AV7UX8QQXABSK:3PPTZCWALR0CRFIGKPN81FHTIMDZQ8,focus,717,on,1524593045630
AV7UX8QQXABSK:3PPTZCWALR0CRFIGKPN81FHTIMDZQ8,window_resize,222,"[1600, 1280]",1524593045852
AV7UX8QQXABSK:3PPTZCWALR0CRFIGKPN81FHTIMDZQ8,focus,297,off,1524593046149
AV7UX8QQXABSK:3PPTZCWALR0CRFIGKPN81FHTIMDZQ8,window_resize,226,"[1600, 1278]",1524593046375
AV7UX8QQXABSK:3PPTZCWALR0CRFIGKPN81FHTIMDZQ8,focus,5162,on,1524593051537
AV7UX8QQXABSK:3PPTZCWALR0CRFIGKPN81FHTIMDZQ8,window_resize,222,"[1600, 1280]",1524593051759
AV7UX8QQXABSK:3PPTZCWALR0CRFIGKPN81FHTIMDZQ8,window_resize,3434,"[1280, 960]",1524593055193
AV7UX8QQXABSK:3PPTZCWALR0CRFIGKPN81FHTIMDZQ8,focus,4185,off,1524593059378
AV7UX8QQXABSK:3PPTZCWALR0CRFIGKPN81FHTIMDZQ8,focus,734,on,1524593060112
AV7UX8QQXABSK:3PPTZCWALR0CRFIGKPN81FHTIMDZQ8,focus,611,off,1524593060723
AV7UX8QQXABSK:3PPTZCWALR0CRFIGKPN81FHTIMDZQ8,focus,700,on,1524593061423
AV7UX8QQXABSK:3PPTZCWALR0CRFIGKPN81FHTIMDZQ8,focus,5422,off,1524593066845
AV7UX8QQXABSK:3PPTZCWALR0CRFIGKPN81FHTIMDZQ8,focus,2337,on,1524593069182
AV7UX8QQXABSK:3PPTZCWALR0CRFIGKPN81FHTIMDZQ8,focus,10039,off,1524593079221
AV7UX8QQXABSK:3PPTZCWALR0CRFIGKPN81FHTIMDZQ8,focus,13611,on,1524593092832
AV7UX8QQXABSK:3PPTZCWALR0CRFIGKPN81FHTIMDZQ8,focus,11276,off,1524593104108
AV7UX8QQXABSK:3PPTZCWALR0CRFIGKPN81FHTIMDZQ8,focus,1786,on,1524593105894
AV7UX8QQXABSK:3PPTZCWALR0CRFIGKPN81FHTIMDZQ8,focus,1230,off,1524593107124
AV7UX8QQXABSK:3PPTZCWALR0CRFIGKPN81FHTIMDZQ8,focus,2029,on,1524593109153
AV7UX8QQXABSK:3PPTZCWALR0CRFIGKPN81FHTIMDZQ8,focus,2198,off,1524593111351
AV7UX8QQXABSK:3PPTZCWALR0CRFIGKPN81FHTIMDZQ8,focus,1943,on,1524593113294
AV7UX8QQXABSK:3PPTZCWALR0CRFIGKPN81FHTIMDZQ8,focus,1237,off,1524593114531
AV7UX8QQXABSK:3PPTZCWALR0CRFIGKPN81FHTIMDZQ8,focus,1562,on,1524593116093
AV7UX8QQXABSK:3PPTZCWALR0CRFIGKPN81FHTIMDZQ8,focus,1992,off,1524593118085
AV7UX8QQXABSK:3PPTZCWALR0CRFIGKPN81FHTIMDZQ8,focus,2403,on,1524593120488
AV7UX8QQXABSK:3PPTZCWALR0CRFIGKPN81FHTIMDZQ8,focus,1197,off,1524593121685
AV7UX8QQXABSK:3PPTZCWALR0CRFIGKPN81FHTIMDZQ8,focus,1314,on,1524593122999
AV7UX8QQXABSK:3PPTZCWALR0CRFIGKPN81FHTIMDZQ8,focus,2109,off,1524593125108
AV7UX8QQXABSK:3PPTZCWALR0CRFIGKPN81FHTIMDZQ8,focus,1744,on,1524593126852
AV7UX8QQXABSK:3PPTZCWALR0CRFIGKPN81FHTIMDZQ8,focus,1690,off,1524593128542
AV7UX8QQXABSK:3PPTZCWALR0CRFIGKPN81FHTIMDZQ8,focus,1659,on,1524593130201
AV7UX8QQXABSK:3PPTZCWALR0CRFIGKPN81FHTIMDZQ8,focus,2204,off,1524593132405
AV7UX8QQXABSK:3PPTZCWALR0CRFIGKPN81FHTIMDZQ8,focus,1708,on,1524593134113
AV7UX8QQXABSK:3PPTZCWALR0CRFIGKPN81FHTIMDZQ8,focus,4324,off,1524593138437
AV7UX8QQXABSK:3PPTZCWALR0CRFIGKPN81FHTIMDZQ8,focus,1972,on,1524593140409
AV7UX8QQXABSK:3PPTZCWALR0CRFIGKPN81FHTIMDZQ8,focus,1364,off,1524593141773
AV7UX8QQXABSK:3PPTZCWALR0CRFIGKPN81FHTIMDZQ8,focus,1515,on,1524593143288
AV7UX8QQXABSK:3PPTZCWALR0CRFIGKPN81FHTIMDZQ8,focus,1477,off,1524593144765
AV7UX8QQXABSK:3PPTZCWALR0CRFIGKPN81FHTIMDZQ8,focus,2365,on,1524593147130
AV7UX8QQXABSK:3PPTZCWALR0CRFIGKPN81FHTIMDZQ8,focus,891,off,1524593148021
AV7UX8QQXABSK:3PPTZCWALR0CRFIGKPN81FHTIMDZQ8,focus,2890,on,1524593150911
AV7UX8QQXABSK:3PPTZCWALR0CRFIGKPN81FHTIMDZQ8,focus,1180,off,1524593152091
AV7UX8QQXABSK:3PPTZCWALR0CRFIGKPN81FHTIMDZQ8,focus,1304,on,1524593153395
AV7UX8QQXABSK:3PPTZCWALR0CRFIGKPN81FHTIMDZQ8,focus,1649,off,1524593155044
AV7UX8QQXABSK:3PPTZCWALR0CRFIGKPN81FHTIMDZQ8,focus,2942,on,1524593157986
AV7UX8QQXABSK:3PPTZCWALR0CRFIGKPN81FHTIMDZQ8,focus,1073,off,1524593159059
AV7UX8QQXABSK:3PPTZCWALR0CRFIGKPN81FHTIMDZQ8,focus,1534,on,1524593160593
AV7UX8QQXABSK:3PPTZCWALR0CRFIGKPN81FHTIMDZQ8,focus,1602,off,1524593162195
AV7UX8QQXABSK:3PPTZCWALR0CRFIGKPN81FHTIMDZQ8,focus,1696,on,1524593163891
AV7UX8QQXABSK:3PPTZCWALR0CRFIGKPN81FHTIMDZQ8,focus,1713,off,1524593165604
AV7UX8QQXABSK:3PPTZCWALR0CRFIGKPN81FHTIMDZQ8,focus,2107,on,1524593167711
AV7UX8QQXABSK:3PPTZCWALR0CRFIGKPN81FHTIMDZQ8,focus,1270,off,1524593168981
AV7UX8QQXABSK:3PPTZCWALR0CRFIGKPN81FHTIMDZQ8,focus,1261,on,1524593170242
AV7UX8QQXABSK:3PPTZCWALR0CRFIGKPN81FHTIMDZQ8,focus,2895,off,1524593173137
AV7UX8QQXABSK:3PPTZCWALR0CRFIGKPN81FHTIMDZQ8,focus,686,on,1524593173823
AV7UX8QQXABSK:3PPTZCWALR0CRFIGKPN81FHTIMDZQ8,focus,1317,off,1524593175140
AV7UX8QQXABSK:3PPTZCWALR0CRFIGKPN81FHTIMDZQ8,focus,1868,on,1524593177008
AV7UX8QQXABSK:3PPTZCWALR0CRFIGKPN81FHTIMDZQ8,focus,2814,off,1524593179822
AV7UX8QQXABSK:3PPTZCWALR0CRFIGKPN81FHTIMDZQ8,focus,1034,on,1524593180856
AV7UX8QQXABSK:3PPTZCWALR0CRFIGKPN81FHTIMDZQ8,focus,1462,off,1524593182318
AV7UX8QQXABSK:3PPTZCWALR0CRFIGKPN81FHTIMDZQ8,focus,1506,on,1524593183824
AV7UX8QQXABSK:3PPTZCWALR0CRFIGKPN81FHTIMDZQ8,focus,1124,off,1524593184948
AV7UX8QQXABSK:3PPTZCWALR0CRFIGKPN81FHTIMDZQ8,focus,2212,on,1524593187160
AV7UX8QQXABSK:3PPTZCWALR0CRFIGKPN81FHTIMDZQ8,focus,933,off,1524593188093
AV7UX8QQXABSK:3PPTZCWALR0CRFIGKPN81FHTIMDZQ8,focus,2439,on,1524593190532
AV7UX8QQXABSK:3PPTZCWALR0CRFIGKPN81FHTIMDZQ8,focus,4042,off,1524593194574
AV7UX8QQXABSK:3PPTZCWALR0CRFIGKPN81FHTIMDZQ8,focus,2026,on,1524593196600
AV7UX8QQXABSK:3PPTZCWALR0CRFIGKPN81FHTIMDZQ8,focus,1269,off,1524593197869
AV7UX8QQXABSK:3PPTZCWALR0CRFIGKPN81FHTIMDZQ8,focus,2526,on,1524593200395
AV7UX8QQXABSK:3PPTZCWALR0CRFIGKPN81FHTIMDZQ8,focus,938,off,1524593201333
AV7UX8QQXABSK:3PPTZCWALR0CRFIGKPN81FHTIMDZQ8,focus,1126,on,1524593202459
AV7UX8QQXABSK:3PPTZCWALR0CRFIGKPN81FHTIMDZQ8,focus,2098,off,1524593204557
AV7UX8QQXABSK:3PPTZCWALR0CRFIGKPN81FHTIMDZQ8,focus,1659,on,1524593206216
AV7UX8QQXABSK:3PPTZCWALR0CRFIGKPN81FHTIMDZQ8,focus,1492,off,1524593207708
AV7UX8QQXABSK:3PPTZCWALR0CRFIGKPN81FHTIMDZQ8,focus,1776,on,1524593209484
AV7UX8QQXABSK:3PPTZCWALR0CRFIGKPN81FHTIMDZQ8,focus,1562,off,1524593211046
AV7UX8QQXABSK:3PPTZCWALR0CRFIGKPN81FHTIMDZQ8,focus,1731,on,1524593212777
AV7UX8QQXABSK:3PPTZCWALR0CRFIGKPN81FHTIMDZQ8,focus,1339,off,1524593214116
AV7UX8QQXABSK:3PPTZCWALR0CRFIGKPN81FHTIMDZQ8,focus,2542,on,1524593216658
AV7UX8QQXABSK:3PPTZCWALR0CRFIGKPN81FHTIMDZQ8,focus,1212,off,1524593217870
AV7UX8QQXABSK:3PPTZCWALR0CRFIGKPN81FHTIMDZQ8,focus,1890,on,1524593219760
AV7UX8QQXABSK:3PPTZCWALR0CRFIGKPN81FHTIMDZQ8,focus,1237,off,1524593220997
AV7UX8QQXABSK:3PPTZCWALR0CRFIGKPN81FHTIMDZQ8,focus,1882,on,1524593222879
AV7UX8QQXABSK:3PPTZCWALR0CRFIGKPN81FHTIMDZQ8,focus,1352,off,1524593224231
AV7UX8QQXABSK:3PPTZCWALR0CRFIGKPN81FHTIMDZQ8,focus,1505,on,1524593225736
AV7UX8QQXABSK:3PPTZCWALR0CRFIGKPN81FHTIMDZQ8,focus,1453,off,1524593227189
AV7UX8QQXABSK:3PPTZCWALR0CRFIGKPN81FHTIMDZQ8,focus,1652,on,1524593228841
AV7UX8QQXABSK:3PPTZCWALR0CRFIGKPN81FHTIMDZQ8,focus,1582,off,1524593230423
AV7UX8QQXABSK:3PPTZCWALR0CRFIGKPN81FHTIMDZQ8,focus,2331,on,1524593232754
AV7UX8QQXABSK:3PPTZCWALR0CRFIGKPN81FHTIMDZQ8,focus,1195,off,1524593233949
AV7UX8QQXABSK:3PPTZCWALR0CRFIGKPN81FHTIMDZQ8,focus,860,on,1524593234809
AV7UX8QQXABSK:3PPTZCWALR0CRFIGKPN81FHTIMDZQ8,focus,2044,off,1524593236853
AV7UX8QQXABSK:3PPTZCWALR0CRFIGKPN81FHTIMDZQ8,focus,1611,on,1524593238464
AV7UX8QQXABSK:3PPTZCWALR0CRFIGKPN81FHTIMDZQ8,focus,1934,off,1524593240398
AV7UX8QQXABSK:3PPTZCWALR0CRFIGKPN81FHTIMDZQ8,focus,1935,on,1524593242333
AV7UX8QQXABSK:3PPTZCWALR0CRFIGKPN81FHTIMDZQ8,focus,1266,off,1524593243599
AV7UX8QQXABSK:3PPTZCWALR0CRFIGKPN81FHTIMDZQ8,focus,689,on,1524593244288
AV7UX8QQXABSK:3PPTZCWALR0CRFIGKPN81FHTIMDZQ8,window_resize,4968,"[917, 681]",1524593249256
AV7UX8QQXABSK:3PPTZCWALR0CRFIGKPN81FHTIMDZQ8,focus,7732,off,1524593256988
AV7UX8QQXABSK:3PPTZCWALR0CRFIGKPN81FHTIMDZQ8,focus,274,on,1524593257262
AV7UX8QQXABSK:3PPTZCWALR0CRFIGKPN81FHTIMDZQ8,focus,31888,off,1524593289150
AV7UX8QQXABSK:3PPTZCWALR0CRFIGKPN81FHTIMDZQ8,focus,2832,on,1524593291982
AV7UX8QQXABSK:3PPTZCWALR0CRFIGKPN81FHTIMDZQ8,focus,27429,off,1524593319411
AV7UX8QQXABSK:3PPTZCWALR0CRFIGKPN81FHTIMDZQ8,focus,2035,on,1524593321446
AV7UX8QQXABSK:3PPTZCWALR0CRFIGKPN81FHTIMDZQ8,focus,33473,off,1524593354919
AV7UX8QQXABSK:3PPTZCWALR0CRFIGKPN81FHTIMDZQ8,focus,3481,on,1524593358400
AV7UX8QQXABSK:3PPTZCWALR0CRFIGKPN81FHTIMDZQ8,focus,3733,off,1524593362133
AV7UX8QQXABSK:3PPTZCWALR0CRFIGKPN81FHTIMDZQ8,focus,2080,on,1524593364213
AV7UX8QQXABSK:3PPTZCWALR0CRFIGKPN81FHTIMDZQ8,window_resize,7097,"[917, 745]",1524593371310
AV7UX8QQXABSK:3PPTZCWALR0CRFIGKPN81FHTIMDZQ8,focus,2293,off,1524593373603
AV7UX8QQXABSK:3PPTZCWALR0CRFIGKPN81FHTIMDZQ8,focus,2555,on,1524593376158
AV7UX8QQXABSK:3PPTZCWALR0CRFIGKPN81FHTIMDZQ8,focus,1847,off,1524593378005
AV7UX8QQXABSK:3PPTZCWALR0CRFIGKPN81FHTIMDZQ8,focus,2891,on,1524593380896
AV7UX8QQXABSK:3PPTZCWALR0CRFIGKPN81FHTIMDZQ8,focus,2215,off,1524593383111
AV7UX8QQXABSK:3PPTZCWALR0CRFIGKPN81FHTIMDZQ8,focus,2679,on,1524593385790
AV7UX8QQXABSK:3PPTZCWALR0CRFIGKPN81FHTIMDZQ8,focus,1221,off,1524593387011
AV7UX8QQXABSK:3PPTZCWALR0CRFIGKPN81FHTIMDZQ8,focus,2837,on,1524593389848
AV7UX8QQXABSK:3PPTZCWALR0CRFIGKPN81FHTIMDZQ8,focus,1189,off,1524593391037
AV7UX8QQXABSK:3PPTZCWALR0CRFIGKPN81FHTIMDZQ8,focus,3008,on,1524593394045
AV7UX8QQXABSK:3PPTZCWALR0CRFIGKPN81FHTIMDZQ8,focus,1624,off,1524593395669
AV7UX8QQXABSK:3PPTZCWALR0CRFIGKPN81FHTIMDZQ8,focus,4953,on,1524593400622
AV7UX8QQXABSK:3PPTZCWALR0CRFIGKPN81FHTIMDZQ8,focus,3135,off,1524593403757
AV7UX8QQXABSK:3PPTZCWALR0CRFIGKPN81FHTIMDZQ8,focus,2230,on,1524593405987
AV7UX8QQXABSK:3PPTZCWALR0CRFIGKPN81FHTIMDZQ8,focus,13858,off,1524593419845
AV7UX8QQXABSK:3PPTZCWALR0CRFIGKPN81FHTIMDZQ8,focus,3413,on,1524593423258
AV7UX8QQXABSK:3PPTZCWALR0CRFIGKPN81FHTIMDZQ8,focus,1316,off,1524593424574
AV7UX8QQXABSK:3PPTZCWALR0CRFIGKPN81FHTIMDZQ8,focus,3506,on,1524593428080
AV7UX8QQXABSK:3PPTZCWALR0CRFIGKPN81FHTIMDZQ8,focus,1446,off,1524593429526
AV7UX8QQXABSK:3PPTZCWALR0CRFIGKPN81FHTIMDZQ8,focus,3980,on,1524593433506
AV7UX8QQXABSK:3PPTZCWALR0CRFIGKPN81FHTIMDZQ8,focus,1203,off,1524593434709
AV7UX8QQXABSK:3PPTZCWALR0CRFIGKPN81FHTIMDZQ8,focus,3110,on,1524593437819
AV7UX8QQXABSK:3PPTZCWALR0CRFIGKPN81FHTIMDZQ8,focus,1219,off,1524593439038
AV7UX8QQXABSK:3PPTZCWALR0CRFIGKPN81FHTIMDZQ8,focus,3411,on,1524593442449
AV7UX8QQXABSK:3PPTZCWALR0CRFIGKPN81FHTIMDZQ8,focus,1773,off,1524593444222
AV7UX8QQXABSK:3PPTZCWALR0CRFIGKPN81FHTIMDZQ8,focus,3864,on,1524593448086
AV7UX8QQXABSK:3PPTZCWALR0CRFIGKPN81FHTIMDZQ8,focus,2239,off,1524593450325
AV7UX8QQXABSK:3PPTZCWALR0CRFIGKPN81FHTIMDZQ8,focus,4002,on,1524593454327
AV7UX8QQXABSK:3PPTZCWALR0CRFIGKPN81FHTIMDZQ8,focus,8782,off,1524593463109
AV7UX8QQXABSK:3PPTZCWALR0CRFIGKPN81FHTIMDZQ8,focus,4538,on,1524593467647
AV7UX8QQXABSK:3PPTZCWALR0CRFIGKPN81FHTIMDZQ8,focus,1007,off,1524593468654
AV7UX8QQXABSK:3PPTZCWALR0CRFIGKPN81FHTIMDZQ8,focus,2529,on,1524593471183
AV7UX8QQXABSK:3PPTZCWALR0CRFIGKPN81FHTIMDZQ8,focus,20990,off,1524593492173
AV7UX8QQXABSK:3PPTZCWALR0CRFIGKPN81FHTIMDZQ8,focus,6715,on,1524593498888
AV7UX8QQXABSK:3PPTZCWALR0CRFIGKPN81FHTIMDZQ8,focus,5156,off,1524593504044
AV7UX8QQXABSK:3PPTZCWALR0CRFIGKPN81FHTIMDZQ8,focus,2500,on,1524593506544
AV7UX8QQXABSK:3PPTZCWALR0CRFIGKPN81FHTIMDZQ8,focus,2798,off,1524593509342
AV7UX8QQXABSK:3PPTZCWALR0CRFIGKPN81FHTIMDZQ8,focus,1781,on,1524593511123
AV7UX8QQXABSK:3PPTZCWALR0CRFIGKPN81FHTIMDZQ8,focus,2035,off,1524593513158
AV7UX8QQXABSK:3PPTZCWALR0CRFIGKPN81FHTIMDZQ8,focus,3811,on,1524593516969
AV7UX8QQXABSK:3PPTZCWALR0CRFIGKPN81FHTIMDZQ8,focus,2597,off,1524593519566
AV7UX8QQXABSK:3PPTZCWALR0CRFIGKPN81FHTIMDZQ8,focus,1809,on,1524593521375
AV7UX8QQXABSK:3PPTZCWALR0CRFIGKPN81FHTIMDZQ8,focus,1015,off,1524593522390
AV7UX8QQXABSK:3PPTZCWALR0CRFIGKPN81FHTIMDZQ8,focus,3817,on,1524593526207
AV7UX8QQXABSK:3PPTZCWALR0CRFIGKPN81FHTIMDZQ8,focus,1326,off,1524593527533
AV7UX8QQXABSK:3PPTZCWALR0CRFIGKPN81FHTIMDZQ8,focus,98,on,1524593527631
AV7UX8QQXABSK:3PPTZCWALR0CRFIGKPN81FHTIMDZQ8,focus,4894,off,1524593532525
AV7UX8QQXABSK:3PPTZCWALR0CRFIGKPN81FHTIMDZQ8,focus,4085,on,1524593536610
AV7UX8QQXABSK:3PPTZCWALR0CRFIGKPN81FHTIMDZQ8,focus,893,off,1524593537503
AV7UX8QQXABSK:3PPTZCWALR0CRFIGKPN81FHTIMDZQ8,focus,3193,on,1524593540696
AV7UX8QQXABSK:3PPTZCWALR0CRFIGKPN81FHTIMDZQ8,focus,2156,off,1524593542852
AV7UX8QQXABSK:3PPTZCWALR0CRFIGKPN81FHTIMDZQ8,focus,2523,on,1524593545375
AV7UX8QQXABSK:3PPTZCWALR0CRFIGKPN81FHTIMDZQ8,focus,1630,off,1524593547005
AV7UX8QQXABSK:3PPTZCWALR0CRFIGKPN81FHTIMDZQ8,focus,1747,on,1524593548752
AV7UX8QQXABSK:3PPTZCWALR0CRFIGKPN81FHTIMDZQ8,focus,757,off,1524593549509
AV7UX8QQXABSK:3PPTZCWALR0CRFIGKPN81FHTIMDZQ8,focus,3928,on,1524593553437
AV7UX8QQXABSK:3PPTZCWALR0CRFIGKPN81FHTIMDZQ8,focus,2417,off,1524593555854
AV7UX8QQXABSK:3PPTZCWALR0CRFIGKPN81FHTIMDZQ8,focus,1453,on,1524593557307
A1F1OZ54G177D8:3QY5DC2MXS0YERYX0MD68OY092PFU5,initialized,0,,1524593079451
A1F1OZ54G177D8:3QY5DC2MXS0YERYX0MD68OY092PFU5,window_resize,1,"[1024, 768]",1524593079452
A1F1OZ54G177D8:3QY5DC2MXS0YERYX0MD68OY092PFU5,window_resize,5166,"[1920, 1080]",1524593084618
A1F1OZ54G177D8:3QY5DC2MXS0YERYX0MD68OY092PFU5,window_resize,133022,"[1024, 768]",1524593217640
A1F1OZ54G177D8:3QY5DC2MXS0YERYX0MD68OY092PFU5,focus,11855,off,1524593229495
A1F1OZ54G177D8:3QY5DC2MXS0YERYX0MD68OY092PFU5,focus,17909,on,1524593247404
A1F1OZ54G177D8:3QY5DC2MXS0YERYX0MD68OY092PFU5,focus,74749,off,1524593322153
A1F1OZ54G177D8:3QY5DC2MXS0YERYX0MD68OY092PFU5,focus,2177,on,1524593324330
A1F1OZ54G177D8:3QY5DC2MXS0YERYX0MD68OY092PFU5,focus,4161,off,1524593328491
A1F1OZ54G177D8:3QY5DC2MXS0YERYX0MD68OY092PFU5,focus,3837,on,1524593332328
A1F1OZ54G177D8:3QY5DC2MXS0YERYX0MD68OY092PFU5,focus,10503,off,1524593342831
A1F1OZ54G177D8:3QY5DC2MXS0YERYX0MD68OY092PFU5,focus,88742,on,1524593431573
A1F1OZ54G177D8:3QY5DC2MXS0YERYX0MD68OY092PFU5,focus,33222,off,1524593464795
A1F1OZ54G177D8:3QY5DC2MXS0YERYX0MD68OY092PFU5,focus,2163,on,1524593466958
A1F1OZ54G177D8:3QY5DC2MXS0YERYX0MD68OY092PFU5,focus,71785,off,1524593538743
A1F1OZ54G177D8:3QY5DC2MXS0YERYX0MD68OY092PFU5,focus,2205,on,1524593540948
A1F1OZ54G177D8:3QY5DC2MXS0YERYX0MD68OY092PFU5,focus,99686,off,1524593640634
A1F1OZ54G177D8:3QY5DC2MXS0YERYX0MD68OY092PFU5,focus,2246,on,1524593642880
AK9ZPW1WLYRL7:32Q90QCQ1T1S5HTPBXPYKJ42VACKEV,initialized,0,,1524593066411
AK9ZPW1WLYRL7:32Q90QCQ1T1S5HTPBXPYKJ42VACKEV,window_resize,0,"[1024, 768]",1524593066411
AK9ZPW1WLYRL7:32Q90QCQ1T1S5HTPBXPYKJ42VACKEV,window_resize,3430,"[1920, 1080]",1524593069841
debugpTWX8:debugXYtF2,initialized,0,,1524183234152
debugpTWX8:debugXYtF2,window_resize,0,"[1028, 778]",1524183234152
debugpTWX8:debugXYtF2,window_resize,6357,"[1536, 774]",1524183240509
debugpTWX8:debugXYtF2,window_resize,952,"[1536, 864]",1524183241461
debugpTWX8:debugXYtF2,window_resize,1749,"[1536, 774]",1524183243210
debugpTWX8:debugXYtF2,window_resize,950,"[1028, 778]",1524183244160
debugpTWX8:debugXYtF2,window_resize,265,"[894, 766]",1524183244425
debugpTWX8:debugXYtF2,focus,9516,off,1524183253941
debugpTWX8:debugXYtF2,focus,2493,on,1524183256434
debugpTWX8:debugXYtF2,focus,1659,off,1524183258093
debugpTWX8:debugXYtF2,focus,1126,on,1524183259219
debugpTWX8:debugXYtF2,focus,2096,off,1524183261315
debugpTWX8:debugXYtF2,focus,22739,on,1524183284054
debugpTWX8:debugXYtF2,focus,16171,off,1524183300225
debugpTWX8:debugXYtF2,focus,9548,on,1524183309773
debugpTWX8:debugXYtF2,focus,153241,off,1524183463014
debugpTWX8:debugXYtF2,focus,1604,on,1524183464618
debugpTWX8:debugXYtF2,focus,2082,off,1524183466700
debugpTWX8:debugXYtF2,focus,2121,on,1524183468821
debugpTWX8:debugXYtF2,focus,28616,off,1524183497437
debugpTWX8:debugXYtF2,focus,3065,on,1524183500502
debugpTWX8:debugXYtF2,focus,4109,off,1524183504611
debugpTWX8:debugXYtF2,focus,4123,on,1524183508734
debugpTWX8:debugXYtF2,focus,6073,off,1524183514807
debugpTWX8:debugXYtF2,focus,1195,on,1524183516002
debugpTWX8:debugXYtF2,focus,6271,off,1524183522273
debugpTWX8:debugXYtF2,focus,1385,on,1524183523658
debugpTWX8:debugXYtF2,focus,5327,off,1524183528985
debugpTWX8:debugXYtF2,focus,7322,on,1524183536307
debugpTWX8:debugXYtF2,focus,12949,off,1524183549256
debugpTWX8:debugXYtF2,focus,2250,on,1524183551506
debugpTWX8:debugXYtF2,focus,722,off,1524183552228
debugpTWX8:debugXYtF2,focus,113928,on,1524183666156
debugpTWX8:debugXYtF2,focus,4963,off,1524183671119
debugpTWX8:debugXYtF2,focus,4277,on,1524183675396
debugpTWX8:debugXYtF2,focus,69554,off,1524183744950
debugpTWX8:debugXYtF2,focus,1816,on,1524183746766
debugpTWX8:debugXYtF2,focus,134212,off,1524183880978
debugpTWX8:debugXYtF2,focus,1784,on,1524183882762
debugpTWX8:debugXYtF2,focus,45878,off,1524183928640
debugpTWX8:debugXYtF2,focus,3421,on,1524183932061
debugpTWX8:debugXYtF2,focus,3626,off,1524183935687
debugpTWX8:debugXYtF2,focus,7384,on,1524183943071
debugPnqHc:debugUcyU0,initialized,0,,1524182649664
debugPnqHc:debugUcyU0,window_resize,0,"[1024, 768]",1524182649664
debug5upQA:debugUlaCQ,initialized,0,,1524183014635
debug5upQA:debugUlaCQ,window_resize,0,"[1024, 768]",1524183014635
debugFv9sj:debuguFfOO,initialized,0,,1524183198585
debugFv9sj:debuguFfOO,window_resize,0,"[1024, 753]",1524183198585
debugFv9sj:debuguFfOO,window_resize,6864,"[1280, 800]",1524183205449
debugYkwTY:debug6dfIh,initialized,0,,1524182578761
debugYkwTY:debug6dfIh,window_resize,0,"[1024, 721]",1524182578761
debugYkwTY:debug6dfIh,window_resize,5129,"[1366, 768]",1524182583890
debugGrWdM:debugaBwbt,initialized,0,,1524183359432
debugGrWdM:debugaBwbt,window_resize,0,"[1028, 672]",1524183359432
debugGrWdM:debugaBwbt,window_resize,2507,"[1280, 670]",1524183361939
debugGrWdM:debugaBwbt,window_resize,13074,"[1280, 720]",1524183375013
debug4m5V2:debugVaJQg,initialized,0,,1524192972110
debug4m5V2:debugVaJQg,window_resize,0,"[1024, 768]",1524192972110
debug4m5V2:debugVaJQg,window_resize,3937,"[1680, 1050]",1524192976047
debug4m5V2:debugVaJQg,window_resize,1996,"[1024, 768]",1524192978043
debug4m5V2:debugVaJQg,focus,19623,off,1524192997666
debug4m5V2:debugVaJQg,focus,44466,on,1524193042132
debug4m5V2:debugVaJQg,focus,83507,off,1524193125639
debug4m5V2:debugVaJQg,focus,5744,on,1524193131383
debug4m5V2:debugVaJQg,focus,7552,off,1524193138935
debug4m5V2:debugVaJQg,focus,113733,on,1524193252668
debug4m5V2:debugVaJQg,focus,1619,off,1524193254287
debug4m5V2:debugVaJQg,focus,2296,on,1524193256583
debug4m5V2:debugVaJQg,focus,2254,off,1524193258837
debug4m5V2:debugVaJQg,focus,356679,on,1524193615516
debug4m5V2:debugVaJQg,focus,19098,off,1524193634614
debug4m5V2:debugVaJQg,focus,95388,on,1524193730002
debug4m5V2:debugVaJQg,focus,7178,off,1524193737180
debug4m5V2:debugVaJQg,focus,464227,on,1524194201407
A1JV64BL3WCK0G:3C5W7UE9CG6W15K9RES6NLHD0X2XMU,initialized,0,,1524267876200
A1JV64BL3WCK0G:3C5W7UE9CG6W15K9RES6NLHD0X2XMU,window_resize,0,"[1024, 768]",1524267876200
A1JV64BL3WCK0G:3C5W7UE9CG6W15K9RES6NLHD0X2XMU,window_resize,8424,"[1920, 1080]",1524267884624
A1JV64BL3WCK0G:3C5W7UE9CG6W15K9RES6NLHD0X2XMU,focus,470420,off,1524268355044
A1JV64BL3WCK0G:3C5W7UE9CG6W15K9RES6NLHD0X2XMU,focus,44373,on,1524268399417
A2W3I2GBGDB637:3KGTPGBS6Y1EDXMLCRYZO54B0A52UH,initialized,0,,1524268160182
A2W3I2GBGDB637:3KGTPGBS6Y1EDXMLCRYZO54B0A52UH,window_resize,0,"[1028, 778]",1524268160182
A2W3I2GBGDB637:3KGTPGBS6Y1EDXMLCRYZO54B0A52UH,window_resize,9153,"[1536, 864]",1524268169335
A2F2DDH12YU4AK:3IJXV6UZ1YZQ8Q86X0OM6AO8HO8RIK,initialized,0,,1524207658839
A2F2DDH12YU4AK:3IJXV6UZ1YZQ8Q86X0OM6AO8HO8RIK,window_resize,0,"[1024, 768]",1524207658839
A2F2DDH12YU4AK:3IJXV6UZ1YZQ8Q86X0OM6AO8HO8RIK,window_resize,3585,"[1920, 989]",1524207662424
A2F2DDH12YU4AK:3IJXV6UZ1YZQ8Q86X0OM6AO8HO8RIK,window_resize,1421,"[1920, 1080]",1524207663845
A2F2DDH12YU4AK:3IJXV6UZ1YZQ8Q86X0OM6AO8HO8RIK,window_resize,2940,"[1920, 989]",1524207666785
debugEu0Jq:debugGiLa9,initialized,0,,1524194612143
debugEu0Jq:debugGiLa9,window_resize,0,"[1024, 768]",1524194612143
debugEu0Jq:debugGiLa9,window_resize,6406,"[1680, 1050]",1524194618549
A2UTV66F2E69A6:34Q075JO1YTR8QS9VGK1UF6ZS3301N,initialized,0,,1524593204699
A2UTV66F2E69A6:34Q075JO1YTR8QS9VGK1UF6ZS3301N,window_resize,0,"[1028, 778]",1524593204699
A2UTV66F2E69A6:34Q075JO1YTR8QS9VGK1UF6ZS3301N,window_resize,6649,"[1536, 864]",1524593211348
A2UTV66F2E69A6:34Q075JO1YTR8QS9VGK1UF6ZS3301N,window_resize,1175,"[1028, 778]",1524593212523
A2UTV66F2E69A6:34Q075JO1YTR8QS9VGK1UF6ZS3301N,focus,44507,off,1524593257030
A2UTV66F2E69A6:34Q075JO1YTR8QS9VGK1UF6ZS3301N,focus,9160,on,1524593266190
A2UTV66F2E69A6:34Q075JO1YTR8QS9VGK1UF6ZS3301N,focus,49440,off,1524593315630
A2UTV66F2E69A6:34Q075JO1YTR8QS9VGK1UF6ZS3301N,focus,1290,on,1524593316920
A2UTV66F2E69A6:34Q075JO1YTR8QS9VGK1UF6ZS3301N,focus,92446,off,1524593409366
A2UTV66F2E69A6:34Q075JO1YTR8QS9VGK1UF6ZS3301N,focus,4643,on,1524593414009
A2UTV66F2E69A6:34Q075JO1YTR8QS9VGK1UF6ZS3301N,focus,2005,off,1524593416014
A2UTV66F2E69A6:34Q075JO1YTR8QS9VGK1UF6ZS3301N,focus,2673,on,1524593418687
A2UTV66F2E69A6:34Q075JO1YTR8QS9VGK1UF6ZS3301N,focus,51950,off,1524593470637
A2UTV66F2E69A6:34Q075JO1YTR8QS9VGK1UF6ZS3301N,focus,2826,on,1524593473463
A3O5EU9QQV2OS1:3MRNMEIQW6MYXHX702QFT1ZWKUUDL4,initialized,0,,1524505670850
A3O5EU9QQV2OS1:3MRNMEIQW6MYXHX702QFT1ZWKUUDL4,window_resize,0,"[1024, 768]",1524505670850
A3O5EU9QQV2OS1:3MRNMEIQW6MYXHX702QFT1ZWKUUDL4,window_resize,5047,"[1680, 1050]",1524505675897
A3O5EU9QQV2OS1:3MRNMEIQW6MYXHX702QFT1ZWKUUDL4,window_resize,1180,"[1024, 768]",1524505677077
AQSB97UW88SO2:3U84XHCDIDT52AVIMSGVYCGOMQVZ4I,initialized,0,,1524512322917
AQSB97UW88SO2:3U84XHCDIDT52AVIMSGVYCGOMQVZ4I,window_resize,0,"[1104, 654]",1524512322917
AQSB97UW88SO2:3U84XHCDIDT52AVIMSGVYCGOMQVZ4I,focus,158,on,1524512323075
AQSB97UW88SO2:3U84XHCDIDT52AVIMSGVYCGOMQVZ4I,window_resize,10747,"[1280, 720]",1524512333822
A15PHL4MXNUMJ5:33NF62TLXKI0GXFHPY0PHZHU0I8KJG,initialized,0,,1524593078768
A15PHL4MXNUMJ5:33NF62TLXKI0GXFHPY0PHZHU0I8KJG,window_resize,0,"[1024, 746]",1524593078768
A15PHL4MXNUMJ5:33NF62TLXKI0GXFHPY0PHZHU0I8KJG,focus,7493,off,1524593086261
A15PHL4MXNUMJ5:33NF62TLXKI0GXFHPY0PHZHU0I8KJG,focus,4174,on,1524593090435
A15PHL4MXNUMJ5:33NF62TLXKI0GXFHPY0PHZHU0I8KJG,window_resize,1127,"[1440, 900]",1524593091562
A2I3Y0L38HMQLZ:3QILPRALQ6BC4M41V7VEK1PKE2JN84,initialized,0,,1524595241191
A2I3Y0L38HMQLZ:3QILPRALQ6BC4M41V7VEK1PKE2JN84,window_resize,0,"[1024, 768]",1524595241191
A2I3Y0L38HMQLZ:3QILPRALQ6BC4M41V7VEK1PKE2JN84,window_resize,15346,"[1440, 900]",1524595256537
A2I3Y0L38HMQLZ:3QILPRALQ6BC4M41V7VEK1PKE2JN84,focus,551249,off,1524595807786
A2I3Y0L38HMQLZ:3QILPRALQ6BC4M41V7VEK1PKE2JN84,focus,13133,on,1524595820919
A2XLTGDI5Q0VD:358010RM5F9FRSEI56TXAH0QRA8VX7,initialized,0,,1524505832630
A2XLTGDI5Q0VD:358010RM5F9FRSEI56TXAH0QRA8VX7,window_resize,0,"[1032, 673]",1524505832630
A2XLTGDI5Q0VD:358010RM5F9FRSEI56TXAH0QRA8VX7,window_resize,18453,"[1280, 720]",1524505851083
A2XLTGDI5Q0VD:358010RM5F9FRSEI56TXAH0QRA8VX7,window_resize,101020,"[1032, 673]",1524505952103
A18XFOKU5G1OL1:3ZSANO2JCGNIZE6TBHI6TNGCO54SF2,initialized,0,,1524593217592
A18XFOKU5G1OL1:3ZSANO2JCGNIZE6TBHI6TNGCO54SF2,window_resize,0,"[1024, 756]",1524593217592
A18XFOKU5G1OL1:3ZSANO2JCGNIZE6TBHI6TNGCO54SF2,window_resize,3955,"[1024, 807]",1524593221547
A18XFOKU5G1OL1:3ZSANO2JCGNIZE6TBHI6TNGCO54SF2,window_resize,1140,"[1440, 900]",1524593222687
A39GADIK8RLMVC:3G0WWMR1UW0IAQ4XH1CE6SAK84JNQL,initialized,0,,1524505766821
A39GADIK8RLMVC:3G0WWMR1UW0IAQ4XH1CE6SAK84JNQL,window_resize,0,"[1024, 768]",1524505766821
A39GADIK8RLMVC:3G0WWMR1UW0IAQ4XH1CE6SAK84JNQL,window_resize,2756,"[1920, 1080]",1524505769577
A39GADIK8RLMVC:3G0WWMR1UW0IAQ4XH1CE6SAK84JNQL,window_resize,1028,"[1024, 768]",1524505770605
A39GADIK8RLMVC:3G0WWMR1UW0IAQ4XH1CE6SAK84JNQL,focus,41688,off,1524505812293
A39GADIK8RLMVC:3G0WWMR1UW0IAQ4XH1CE6SAK84JNQL,focus,5318,on,1524505817611
A39GADIK8RLMVC:3G0WWMR1UW0IAQ4XH1CE6SAK84JNQL,focus,3130,off,1524505820741
A39GADIK8RLMVC:3G0WWMR1UW0IAQ4XH1CE6SAK84JNQL,focus,1017,on,1524505821758
A39GADIK8RLMVC:3G0WWMR1UW0IAQ4XH1CE6SAK84JNQL,focus,854,off,1524505822612
A39GADIK8RLMVC:3G0WWMR1UW0IAQ4XH1CE6SAK84JNQL,focus,2179,on,1524505824791
A39GADIK8RLMVC:3G0WWMR1UW0IAQ4XH1CE6SAK84JNQL,focus,4606,off,1524505829397
A39GADIK8RLMVC:3G0WWMR1UW0IAQ4XH1CE6SAK84JNQL,focus,1801,on,1524505831198
A39GADIK8RLMVC:3G0WWMR1UW0IAQ4XH1CE6SAK84JNQL,focus,4543,off,1524505835741
A39GADIK8RLMVC:3G0WWMR1UW0IAQ4XH1CE6SAK84JNQL,focus,2185,on,1524505837926
A39GADIK8RLMVC:3G0WWMR1UW0IAQ4XH1CE6SAK84JNQL,focus,1424,off,1524505839350
A39GADIK8RLMVC:3G0WWMR1UW0IAQ4XH1CE6SAK84JNQL,focus,572,on,1524505839922
A39GADIK8RLMVC:3G0WWMR1UW0IAQ4XH1CE6SAK84JNQL,focus,3283,off,1524505843205
A39GADIK8RLMVC:3G0WWMR1UW0IAQ4XH1CE6SAK84JNQL,focus,2514,on,1524505845719
A39GADIK8RLMVC:3G0WWMR1UW0IAQ4XH1CE6SAK84JNQL,focus,2301,off,1524505848020
A39GADIK8RLMVC:3G0WWMR1UW0IAQ4XH1CE6SAK84JNQL,focus,746,on,1524505848766
A39GADIK8RLMVC:3G0WWMR1UW0IAQ4XH1CE6SAK84JNQL,focus,2846,off,1524505851612
A39GADIK8RLMVC:3G0WWMR1UW0IAQ4XH1CE6SAK84JNQL,focus,465,on,1524505852077
A39GADIK8RLMVC:3G0WWMR1UW0IAQ4XH1CE6SAK84JNQL,window_resize,100956,"[1024, 858]",1524505953033
A39GADIK8RLMVC:3G0WWMR1UW0IAQ4XH1CE6SAK84JNQL,focus,244868,off,1524506197901
A39GADIK8RLMVC:3G0WWMR1UW0IAQ4XH1CE6SAK84JNQL,focus,1777,on,1524506199678
A39GADIK8RLMVC:3G0WWMR1UW0IAQ4XH1CE6SAK84JNQL,focus,11303,off,1524506210981
A39GADIK8RLMVC:3G0WWMR1UW0IAQ4XH1CE6SAK84JNQL,focus,2818,on,1524506213799
AAASQIW3J32OL:3HPZF4IVNN98SOYSJLKU33JA89MYCH,initialized,0,,1524506440546
AAASQIW3J32OL:3HPZF4IVNN98SOYSJLKU33JA89MYCH,window_resize,0,"[1024, 768]",1524506440546
AAASQIW3J32OL:3HPZF4IVNN98SOYSJLKU33JA89MYCH,window_resize,7317,"[1920, 1080]",1524506447863
A1LOUZD99NZCT2:34Z02EIMITTSHA4IXZ4B0LPUKI7T0U,initialized,0,,1524506592760
A1LOUZD99NZCT2:34Z02EIMITTSHA4IXZ4B0LPUKI7T0U,window_resize,0,"[1024, 768]",1524506592760
A1LOUZD99NZCT2:34Z02EIMITTSHA4IXZ4B0LPUKI7T0U,window_resize,4938,"[2048, 1152]",1524506597698
A1LOUZD99NZCT2:34Z02EIMITTSHA4IXZ4B0LPUKI7T0U,window_resize,79137,"[1024, 790]",1524506676835
A1LOUZD99NZCT2:34Z02EIMITTSHA4IXZ4B0LPUKI7T0U,window_resize,508,"[1024, 768]",1524506677343
A1LOUZD99NZCT2:34Z02EIMITTSHA4IXZ4B0LPUKI7T0U,focus,941,off,1524506678284
A1LOUZD99NZCT2:34Z02EIMITTSHA4IXZ4B0LPUKI7T0U,focus,1979,on,1524506680263
A1LOUZD99NZCT2:34Z02EIMITTSHA4IXZ4B0LPUKI7T0U,focus,20497,off,1524506700760
A1LOUZD99NZCT2:34Z02EIMITTSHA4IXZ4B0LPUKI7T0U,focus,1385,on,1524506702145
A1LOUZD99NZCT2:34Z02EIMITTSHA4IXZ4B0LPUKI7T0U,focus,48826,off,1524506750971
A1LOUZD99NZCT2:34Z02EIMITTSHA4IXZ4B0LPUKI7T0U,focus,2632,on,1524506753603
A1LOUZD99NZCT2:34Z02EIMITTSHA4IXZ4B0LPUKI7T0U,focus,61122,off,1524506814725
A1LOUZD99NZCT2:34Z02EIMITTSHA4IXZ4B0LPUKI7T0U,focus,1341,on,1524506816066
A1LOUZD99NZCT2:34Z02EIMITTSHA4IXZ4B0LPUKI7T0U,focus,43244,off,1524506859310
A1LOUZD99NZCT2:34Z02EIMITTSHA4IXZ4B0LPUKI7T0U,focus,16988,on,1524506876298
A1LOUZD99NZCT2:34Z02EIMITTSHA4IXZ4B0LPUKI7T0U,focus,40995,off,1524506917293
A1LOUZD99NZCT2:34Z02EIMITTSHA4IXZ4B0LPUKI7T0U,focus,10171,on,1524506927464
ARHBT4K14I7U:3KXIR214I5WFWZS6XL7HB16H1HC42V,initialized,0,,1524506104563
ARHBT4K14I7U:3KXIR214I5WFWZS6XL7HB16H1HC42V,window_resize,0,"[1024, 768]",1524506104563
ARHBT4K14I7U:3KXIR214I5WFWZS6XL7HB16H1HC42V,window_resize,8522,"[1600, 900]",1524506113085
A1CGDMOPDIC7EU:3C8HJ7UOP8AL60KOSWGRK6XO8HVZMS,initialized,0,,1524506106710
A1CGDMOPDIC7EU:3C8HJ7UOP8AL60KOSWGRK6XO8HVZMS,window_resize,0,"[1920, 999]",1524506106710
A1CGDMOPDIC7EU:3C8HJ7UOP8AL60KOSWGRK6XO8HVZMS,window_resize,9468,"[1920, 1080]",1524506116178
A3Q0XAGQ7TD7MP:3D8YOU6S9F02VY5MZTA2EILNGZN6UM,initialized,0,,1524513839473
A3Q0XAGQ7TD7MP:3D8YOU6S9F02VY5MZTA2EILNGZN6UM,window_resize,0,"[1024, 713]",1524513839473
A3Q0XAGQ7TD7MP:3D8YOU6S9F02VY5MZTA2EILNGZN6UM,window_resize,12735,"[1366, 768]",1524513852208
A2CK0OXMPOR9LE:3ZWFC4W1UVN6YZ6GWSI13DBG23LFR1,initialized,0,,1524593126130
A2CK0OXMPOR9LE:3ZWFC4W1UVN6YZ6GWSI13DBG23LFR1,window_resize,0,"[1024, 768]",1524593126130
A2CK0OXMPOR9LE:3ZWFC4W1UVN6YZ6GWSI13DBG23LFR1,focus,3380,off,1524593129510
A2CK0OXMPOR9LE:3ZWFC4W1UVN6YZ6GWSI13DBG23LFR1,focus,1200,on,1524593130710
A2CK0OXMPOR9LE:3ZWFC4W1UVN6YZ6GWSI13DBG23LFR1,focus,2379,off,1524593133089
A2CK0OXMPOR9LE:3ZWFC4W1UVN6YZ6GWSI13DBG23LFR1,focus,19313,on,1524593152402
A2CK0OXMPOR9LE:3ZWFC4W1UVN6YZ6GWSI13DBG23LFR1,focus,934,off,1524593153336
A2CK0OXMPOR9LE:3ZWFC4W1UVN6YZ6GWSI13DBG23LFR1,focus,1623,on,1524593154959
A2CK0OXMPOR9LE:3ZWFC4W1UVN6YZ6GWSI13DBG23LFR1,window_resize,3322,"[1600, 900]",1524593158281
ALSJ5JQPC3A82:3H7Z272LX8N7ME0X5BHATVGLYHJPLO,initialized,0,,1524593370172
ALSJ5JQPC3A82:3H7Z272LX8N7ME0X5BHATVGLYHJPLO,window_resize,0,"[1024, 768]",1524593370172
ALSJ5JQPC3A82:3H7Z272LX8N7ME0X5BHATVGLYHJPLO,window_resize,6381,"[1920, 1080]",1524593376553
ALSJ5JQPC3A82:3H7Z272LX8N7ME0X5BHATVGLYHJPLO,window_resize,1831,"[1024, 768]",1524593378384
ALSJ5JQPC3A82:3H7Z272LX8N7ME0X5BHATVGLYHJPLO,focus,47508,off,1524593425892
ALSJ5JQPC3A82:3H7Z272LX8N7ME0X5BHATVGLYHJPLO,focus,4140,on,1524593430032
ALSJ5JQPC3A82:3H7Z272LX8N7ME0X5BHATVGLYHJPLO,focus,13814,off,1524593443846
ALSJ5JQPC3A82:3H7Z272LX8N7ME0X5BHATVGLYHJPLO,focus,1474,on,1524593445320
ALSJ5JQPC3A82:3H7Z272LX8N7ME0X5BHATVGLYHJPLO,focus,1406,off,1524593446726
ALSJ5JQPC3A82:3H7Z272LX8N7ME0X5BHATVGLYHJPLO,focus,3949,on,1524593450675
ALSJ5JQPC3A82:3H7Z272LX8N7ME0X5BHATVGLYHJPLO,focus,5141,off,1524593455816
ALSJ5JQPC3A82:3H7Z272LX8N7ME0X5BHATVGLYHJPLO,focus,6886,on,1524593462702
ALSJ5JQPC3A82:3H7Z272LX8N7ME0X5BHATVGLYHJPLO,focus,4004,off,1524593466706
ALSJ5JQPC3A82:3H7Z272LX8N7ME0X5BHATVGLYHJPLO,focus,5164,on,1524593471870
ALSJ5JQPC3A82:3H7Z272LX8N7ME0X5BHATVGLYHJPLO,focus,18394,off,1524593490264
ALSJ5JQPC3A82:3H7Z272LX8N7ME0X5BHATVGLYHJPLO,focus,6008,on,1524593496272
ALSJ5JQPC3A82:3H7Z272LX8N7ME0X5BHATVGLYHJPLO,focus,19957,off,1524593516229
ALSJ5JQPC3A82:3H7Z272LX8N7ME0X5BHATVGLYHJPLO,focus,4198,on,1524593520427
ALSJ5JQPC3A82:3H7Z272LX8N7ME0X5BHATVGLYHJPLO,focus,17638,off,1524593538065
ALSJ5JQPC3A82:3H7Z272LX8N7ME0X5BHATVGLYHJPLO,focus,2116,on,1524593540181
ALSJ5JQPC3A82:3H7Z272LX8N7ME0X5BHATVGLYHJPLO,focus,3802,off,1524593543983
ALSJ5JQPC3A82:3H7Z272LX8N7ME0X5BHATVGLYHJPLO,focus,3364,on,1524593547347
ALSJ5JQPC3A82:3H7Z272LX8N7ME0X5BHATVGLYHJPLO,focus,41413,off,1524593588760
ALSJ5JQPC3A82:3H7Z272LX8N7ME0X5BHATVGLYHJPLO,focus,1631,on,1524593590391
ALSJ5JQPC3A82:3H7Z272LX8N7ME0X5BHATVGLYHJPLO,focus,137736,off,1524593728127
ALSJ5JQPC3A82:3H7Z272LX8N7ME0X5BHATVGLYHJPLO,focus,3239,on,1524593731366
ALSJ5JQPC3A82:3H7Z272LX8N7ME0X5BHATVGLYHJPLO,focus,888,off,1524593732254
ALSJ5JQPC3A82:3H7Z272LX8N7ME0X5BHATVGLYHJPLO,focus,2903,on,1524593735157
ALSJ5JQPC3A82:3H7Z272LX8N7ME0X5BHATVGLYHJPLO,focus,1642,off,1524593736799
ALSJ5JQPC3A82:3H7Z272LX8N7ME0X5BHATVGLYHJPLO,focus,6470,on,1524593743269
ALSJ5JQPC3A82:3H7Z272LX8N7ME0X5BHATVGLYHJPLO,focus,2351,off,1524593745620
ALSJ5JQPC3A82:3H7Z272LX8N7ME0X5BHATVGLYHJPLO,focus,1722,on,1524593747342
ALSJ5JQPC3A82:3H7Z272LX8N7ME0X5BHATVGLYHJPLO,focus,1405,off,1524593748747
ALSJ5JQPC3A82:3H7Z272LX8N7ME0X5BHATVGLYHJPLO,focus,65781,on,1524593814528
ALSJ5JQPC3A82:3H7Z272LX8N7ME0X5BHATVGLYHJPLO,focus,1934,off,1524593816462
ALSJ5JQPC3A82:3H7Z272LX8N7ME0X5BHATVGLYHJPLO,focus,2257,on,1524593818719
ALSJ5JQPC3A82:3H7Z272LX8N7ME0X5BHATVGLYHJPLO,focus,55952,off,1524593874671
ALSJ5JQPC3A82:3H7Z272LX8N7ME0X5BHATVGLYHJPLO,focus,2271,on,1524593876942
ALSJ5JQPC3A82:3H7Z272LX8N7ME0X5BHATVGLYHJPLO,focus,1137,off,1524593878079
ALSJ5JQPC3A82:3H7Z272LX8N7ME0X5BHATVGLYHJPLO,focus,2565,on,1524593880644
ALSJ5JQPC3A82:3H7Z272LX8N7ME0X5BHATVGLYHJPLO,focus,8032,off,1524593888676
ALSJ5JQPC3A82:3H7Z272LX8N7ME0X5BHATVGLYHJPLO,focus,3077,on,1524593891753
ARI7X2A8M3UW0:3QL2OFSM97YEGPUECJBJMNL34T4NCA,initialized,0,,1524593084671
ARI7X2A8M3UW0:3QL2OFSM97YEGPUECJBJMNL34T4NCA,window_resize,0,"[1024, 727]",1524593084671
ARI7X2A8M3UW0:3QL2OFSM97YEGPUECJBJMNL34T4NCA,window_resize,7467,"[1280, 772]",1524593092138
ARI7X2A8M3UW0:3QL2OFSM97YEGPUECJBJMNL34T4NCA,window_resize,1179,"[1280, 800]",1524593093317
A2Q1BZPQ1BFPSM:358010RM5F9FRSEI56TXAH0QRA8VX7,initialized,0,,1524506278264
A2Q1BZPQ1BFPSM:358010RM5F9FRSEI56TXAH0QRA8VX7,window_resize,0,"[1032, 672]",1524506278264
A2Q1BZPQ1BFPSM:358010RM5F9FRSEI56TXAH0QRA8VX7,window_resize,4852,"[1280, 720]",1524506283116
AOKTAHY4F4J2B:3X31TUMD7Y245MHVK96KSZYNVXT1L4,initialized,0,,1524506418050
AOKTAHY4F4J2B:3X31TUMD7Y245MHVK96KSZYNVXT1L4,window_resize,0,"[1028, 778]",1524506418050
AOKTAHY4F4J2B:3X31TUMD7Y245MHVK96KSZYNVXT1L4,focus,2866,off,1524506420916
AOKTAHY4F4J2B:3X31TUMD7Y245MHVK96KSZYNVXT1L4,focus,13895,on,1524506434811
AOKTAHY4F4J2B:3X31TUMD7Y245MHVK96KSZYNVXT1L4,window_resize,1648,"[1536, 864]",1524506436459
AOKTAHY4F4J2B:3X31TUMD7Y245MHVK96KSZYNVXT1L4,window_resize,1092,"[1028, 778]",1524506437551
AOKTAHY4F4J2B:3X31TUMD7Y245MHVK96KSZYNVXT1L4,focus,672,off,1524506438223
AOKTAHY4F4J2B:3X31TUMD7Y245MHVK96KSZYNVXT1L4,focus,71819,on,1524506510042
A38DC3BG1ZCVZ2:3JBT3HLQF9IRR3H1KC8J1ARJDQRPZ7,initialized,0,,1524593960845
A38DC3BG1ZCVZ2:3JBT3HLQF9IRR3H1KC8J1ARJDQRPZ7,window_resize,1,"[1024, 732]",1524593960846
A38DC3BG1ZCVZ2:3JBT3HLQF9IRR3H1KC8J1ARJDQRPZ7,window_resize,5007,"[1600, 900]",1524593965853
A38DC3BG1ZCVZ2:3JBT3HLQF9IRR3H1KC8J1ARJDQRPZ7,window_resize,772,"[1024, 732]",1524593966625
A38DC3BG1ZCVZ2:3JBT3HLQF9IRR3H1KC8J1ARJDQRPZ7,focus,10369,off,1524593976994
A38DC3BG1ZCVZ2:3JBT3HLQF9IRR3H1KC8J1ARJDQRPZ7,focus,625,on,1524593977619
A38DC3BG1ZCVZ2:3JBT3HLQF9IRR3H1KC8J1ARJDQRPZ7,focus,1192,off,1524593978811
A38DC3BG1ZCVZ2:3JBT3HLQF9IRR3H1KC8J1ARJDQRPZ7,focus,6457,on,1524593985268
A38DC3BG1ZCVZ2:3JBT3HLQF9IRR3H1KC8J1ARJDQRPZ7,focus,77077,off,1524594062345
A38DC3BG1ZCVZ2:3JBT3HLQF9IRR3H1KC8J1ARJDQRPZ7,focus,559,on,1524594062904
A38DC3BG1ZCVZ2:3JBT3HLQF9IRR3H1KC8J1ARJDQRPZ7,focus,160936,off,1524594223840
A38DC3BG1ZCVZ2:3JBT3HLQF9IRR3H1KC8J1ARJDQRPZ7,focus,1785,on,1524594225625
A38DC3BG1ZCVZ2:3JBT3HLQF9IRR3H1KC8J1ARJDQRPZ7,focus,604,off,1524594226229
A38DC3BG1ZCVZ2:3JBT3HLQF9IRR3H1KC8J1ARJDQRPZ7,focus,163562,on,1524594389791
A38DC3BG1ZCVZ2:3JBT3HLQF9IRR3H1KC8J1ARJDQRPZ7,focus,32151,off,1524594421942
A38DC3BG1ZCVZ2:3JBT3HLQF9IRR3H1KC8J1ARJDQRPZ7,focus,1144,on,1524594423086
A38DC3BG1ZCVZ2:3JBT3HLQF9IRR3H1KC8J1ARJDQRPZ7,focus,228269,off,1524594651355
A38DC3BG1ZCVZ2:3JBT3HLQF9IRR3H1KC8J1ARJDQRPZ7,focus,1283,on,1524594652638
A1L3937MY09J3I:3TE22NPXPCSPZD7T1ZQ54G3FLV844R,initialized,0,,1524506217610
A1L3937MY09J3I:3TE22NPXPCSPZD7T1ZQ54G3FLV844R,window_resize,0,"[1024, 768]",1524506217610
A1L3937MY09J3I:3TE22NPXPCSPZD7T1ZQ54G3FLV844R,window_resize,4538,"[1920, 989]",1524506222148
A1L3937MY09J3I:3TE22NPXPCSPZD7T1ZQ54G3FLV844R,window_resize,1234,"[1920, 1080]",1524506223382
A1L3937MY09J3I:3TE22NPXPCSPZD7T1ZQ54G3FLV844R,focus,135584,off,1524506358966
A1L3937MY09J3I:3TE22NPXPCSPZD7T1ZQ54G3FLV844R,focus,2835,on,1524506361801
A1L3937MY09J3I:3TE22NPXPCSPZD7T1ZQ54G3FLV844R,focus,158100,off,1524506519901
A1L3937MY09J3I:3TE22NPXPCSPZD7T1ZQ54G3FLV844R,focus,2392,on,1524506522293
A37DTVGS7RX6AG:3EG49X351VSUC2ZH4YLPYPKRAHJ6XT,initialized,0,,1524506155728
A37DTVGS7RX6AG:3EG49X351VSUC2ZH4YLPYPKRAHJ6XT,window_resize,0,"[1024, 726]",1524506155728
A37DTVGS7RX6AG:3EG49X351VSUC2ZH4YLPYPKRAHJ6XT,focus,272,on,1524506156000
A37DTVGS7RX6AG:3EG49X351VSUC2ZH4YLPYPKRAHJ6XT,window_resize,7250,"[1344, 840]",1524506163250
A1160COTUR26JZ:3IUZPWIU1PNMMHFGWXJ46PB22AHWKF,initialized,0,,1524512532882
A1160COTUR26JZ:3IUZPWIU1PNMMHFGWXJ46PB22AHWKF,window_resize,0,"[1920, 965]",1524512532882
A1160COTUR26JZ:3IUZPWIU1PNMMHFGWXJ46PB22AHWKF,window_resize,4714,"[1920, 1080]",1524512537596
A1160COTUR26JZ:3IUZPWIU1PNMMHFGWXJ46PB22AHWKF,focus,315835,off,1524512853431
A1160COTUR26JZ:3IUZPWIU1PNMMHFGWXJ46PB22AHWKF,window_resize,1010,"[1920, 1079]",1524512854441
A1160COTUR26JZ:3IUZPWIU1PNMMHFGWXJ46PB22AHWKF,focus,258771,on,1524513113212
A1160COTUR26JZ:3IUZPWIU1PNMMHFGWXJ46PB22AHWKF,window_resize,206,"[1920, 1080]",1524513113418
A1160COTUR26JZ:3IUZPWIU1PNMMHFGWXJ46PB22AHWKF,focus,198860,off,1524513312278
A1160COTUR26JZ:3IUZPWIU1PNMMHFGWXJ46PB22AHWKF,focus,2516,on,1524513314794
A1160COTUR26JZ:3IUZPWIU1PNMMHFGWXJ46PB22AHWKF,focus,1985,off,1524513316779
A1160COTUR26JZ:3IUZPWIU1PNMMHFGWXJ46PB22AHWKF,focus,1332,on,1524513318111
A1160COTUR26JZ:3IUZPWIU1PNMMHFGWXJ46PB22AHWKF,focus,2868,off,1524513320979
A1160COTUR26JZ:3IUZPWIU1PNMMHFGWXJ46PB22AHWKF,focus,1627,on,1524513322606
A2KQ5323UX4K1O:3KJYX6QCMAREW89TO2EWJ8SBGGFVJD,initialized,0,,1524593085671
A2KQ5323UX4K1O:3KJYX6QCMAREW89TO2EWJ8SBGGFVJD,window_resize,0,"[1075, 1004]",1524593085671
A2KQ5323UX4K1O:3KJYX6QCMAREW89TO2EWJ8SBGGFVJD,window_resize,6922,"[1745, 1091]",1524593092593
A2KQ5323UX4K1O:3KJYX6QCMAREW89TO2EWJ8SBGGFVJD,window_resize,1310,"[1745, 1091]",1524593093903
AROOCBM042SJD:3Y4W8Q93L001TM91E6SLGAXYBWIVDZ,initialized,0,,1524596971544
AROOCBM042SJD:3Y4W8Q93L001TM91E6SLGAXYBWIVDZ,window_resize,0,"[1024, 721]",1524596971544
AROOCBM042SJD:3Y4W8Q93L001TM91E6SLGAXYBWIVDZ,focus,11922,on,1524596983466
AROOCBM042SJD:3Y4W8Q93L001TM91E6SLGAXYBWIVDZ,window_resize,3541,"[1366, 768]",1524596987007
A3HYLVFUDKJFKC:3FQ5JJ512M4WZN624WSHA6YB92DKNK,initialized,0,,1524595339044
A3HYLVFUDKJFKC:3FQ5JJ512M4WZN624WSHA6YB92DKNK,window_resize,0,"[1024, 768]",1524595339044
A3HYLVFUDKJFKC:3FQ5JJ512M4WZN624WSHA6YB92DKNK,focus,180,on,1524595339224
A3HYLVFUDKJFKC:3FQ5JJ512M4WZN624WSHA6YB92DKNK,window_resize,3646,"[1680, 951]",1524595342870
A3HYLVFUDKJFKC:3FQ5JJ512M4WZN624WSHA6YB92DKNK,window_resize,3756,"[1680, 1050]",1524595346626
AK47FLPTKZR5G:35LDD5557BKQH5L2SVDHXR9B4C3KMK,initialized,0,,1524593210923
AK47FLPTKZR5G:35LDD5557BKQH5L2SVDHXR9B4C3KMK,window_resize,2,"[1024, 768]",1524593210925
AK47FLPTKZR5G:35LDD5557BKQH5L2SVDHXR9B4C3KMK,focus,8917,off,1524593219842
AK47FLPTKZR5G:35LDD5557BKQH5L2SVDHXR9B4C3KMK,focus,17393,on,1524593237235
AK47FLPTKZR5G:35LDD5557BKQH5L2SVDHXR9B4C3KMK,window_resize,1040,"[1920, 1080]",1524593238275
AVDXKPOHZB55B:3ATPCQ38J9QKZ91UZ7O3X8TM861YAF,initialized,0,,1524506317844
AVDXKPOHZB55B:3ATPCQ38J9QKZ91UZ7O3X8TM861YAF,window_resize,0,"[1024, 768]",1524506317844
AVDXKPOHZB55B:3ATPCQ38J9QKZ91UZ7O3X8TM861YAF,window_resize,7994,"[1680, 1050]",1524506325838
A3VIQ9XPOYB8K6:3SKRO2GZ727TLGZDZ9UJDZL86XO1K1,initialized,0,,1524506251872
A3VIQ9XPOYB8K6:3SKRO2GZ727TLGZDZ9UJDZL86XO1K1,window_resize,0,"[1920, 999]",1524506251872
A3VIQ9XPOYB8K6:3SKRO2GZ727TLGZDZ9UJDZL86XO1K1,window_resize,3569,"[1920, 1080]",1524506255441
A3VIQ9XPOYB8K6:3SKRO2GZ727TLGZDZ9UJDZL86XO1K1,focus,416668,off,1524506672109
A3VIQ9XPOYB8K6:3SKRO2GZ727TLGZDZ9UJDZL86XO1K1,focus,9877,on,1524506681986
A2798F0ZHDDZ78:3WI0P0II62890FSK5MNBFD8VQM5RDU,initialized,0,,1524512861783
A2798F0ZHDDZ78:3WI0P0II62890FSK5MNBFD8VQM5RDU,window_resize,0,"[1024, 768]",1524512861783
A2798F0ZHDDZ78:3WI0P0II62890FSK5MNBFD8VQM5RDU,window_resize,6578,"[1920, 1080]",1524512868361
ABL3H3O3BI8ZD:3PZDLQMM0U1IR35LQ0DZUZI5TUTC2G,initialized,0,,1524506617417
ABL3H3O3BI8ZD:3PZDLQMM0U1IR35LQ0DZUZI5TUTC2G,window_resize,0,"[1024, 768]",1524506617417
ABL3H3O3BI8ZD:3PZDLQMM0U1IR35LQ0DZUZI5TUTC2G,window_resize,3786,"[2560, 1440]",1524506621203
ABL3H3O3BI8ZD:3PZDLQMM0U1IR35LQ0DZUZI5TUTC2G,window_resize,2000,"[1024, 768]",1524506623203
ABL3H3O3BI8ZD:3PZDLQMM0U1IR35LQ0DZUZI5TUTC2G,focus,55982,off,1524506679185
ABL3H3O3BI8ZD:3PZDLQMM0U1IR35LQ0DZUZI5TUTC2G,focus,2490,on,1524506681675
ABL3H3O3BI8ZD:3PZDLQMM0U1IR35LQ0DZUZI5TUTC2G,focus,93891,off,1524506775566
ABL3H3O3BI8ZD:3PZDLQMM0U1IR35LQ0DZUZI5TUTC2G,focus,3254,on,1524506778820
ABL3H3O3BI8ZD:3PZDLQMM0U1IR35LQ0DZUZI5TUTC2G,focus,140055,off,1524506918875
ABL3H3O3BI8ZD:3PZDLQMM0U1IR35LQ0DZUZI5TUTC2G,focus,87246,on,1524507006121
ABL3H3O3BI8ZD:3PZDLQMM0U1IR35LQ0DZUZI5TUTC2G,focus,51078,off,1524507057199
ABL3H3O3BI8ZD:3PZDLQMM0U1IR35LQ0DZUZI5TUTC2G,focus,4294,on,1524507061493
ABL3H3O3BI8ZD:3PZDLQMM0U1IR35LQ0DZUZI5TUTC2G,focus,1787,off,1524507063280
ABL3H3O3BI8ZD:3PZDLQMM0U1IR35LQ0DZUZI5TUTC2G,focus,4468,on,1524507067748
ABL3H3O3BI8ZD:3PZDLQMM0U1IR35LQ0DZUZI5TUTC2G,focus,306374,off,1524507374122
ABL3H3O3BI8ZD:3PZDLQMM0U1IR35LQ0DZUZI5TUTC2G,focus,1235,on,1524507375357
A1LB9JOMFQ1UMG:3U088ZLJVL9K9R8CS49MN5WTOGBW0H,initialized,0,,1524593118480
A1LB9JOMFQ1UMG:3U088ZLJVL9K9R8CS49MN5WTOGBW0H,window_resize,0,"[1044, 816]",1524593118480
A1LB9JOMFQ1UMG:3U088ZLJVL9K9R8CS49MN5WTOGBW0H,window_resize,3551,"[1536, 864]",1524593122031
A1LB9JOMFQ1UMG:3U088ZLJVL9K9R8CS49MN5WTOGBW0H,window_resize,1131,"[1044, 816]",1524593123162
A1LB9JOMFQ1UMG:3U088ZLJVL9K9R8CS49MN5WTOGBW0H,focus,23663,off,1524593146825
A1LB9JOMFQ1UMG:3U088ZLJVL9K9R8CS49MN5WTOGBW0H,focus,124144,on,1524593270969
A1LB9JOMFQ1UMG:3U088ZLJVL9K9R8CS49MN5WTOGBW0H,focus,37746,off,1524593308715
A1LB9JOMFQ1UMG:3U088ZLJVL9K9R8CS49MN5WTOGBW0H,focus,2116,on,1524593310831
A1LB9JOMFQ1UMG:3U088ZLJVL9K9R8CS49MN5WTOGBW0H,window_resize,13507,"[1536, 774]",1524593324338
A1LB9JOMFQ1UMG:3U088ZLJVL9K9R8CS49MN5WTOGBW0H,window_resize,2019,"[1044, 816]",1524593326357
A1LB9JOMFQ1UMG:3U088ZLJVL9K9R8CS49MN5WTOGBW0H,focus,8068,off,1524593334425
A1LB9JOMFQ1UMG:3U088ZLJVL9K9R8CS49MN5WTOGBW0H,focus,949,on,1524593335374
A1LB9JOMFQ1UMG:3U088ZLJVL9K9R8CS49MN5WTOGBW0H,focus,7608,off,1524593342982
A1LB9JOMFQ1UMG:3U088ZLJVL9K9R8CS49MN5WTOGBW0H,focus,827,on,1524593343809
A1IKK576F8WY0N:308Q0PEVB9TK4QCK3JO0FPOEC97I98,initialized,0,,1524593097842
A1IKK576F8WY0N:308Q0PEVB9TK4QCK3JO0FPOEC97I98,window_resize,2,"[1024, 759]",1524593097844
A1IKK576F8WY0N:308Q0PEVB9TK4QCK3JO0FPOEC97I98,focus,280,on,1524593098124
A1IKK576F8WY0N:308Q0PEVB9TK4QCK3JO0FPOEC97I98,focus,924,off,1524593099048
A1IKK576F8WY0N:308Q0PEVB9TK4QCK3JO0FPOEC97I98,focus,1278,on,1524593100326
A1IKK576F8WY0N:308Q0PEVB9TK4QCK3JO0FPOEC97I98,focus,2562,off,1524593102888
A1IKK576F8WY0N:308Q0PEVB9TK4QCK3JO0FPOEC97I98,focus,598,on,1524593103486
A1IKK576F8WY0N:308Q0PEVB9TK4QCK3JO0FPOEC97I98,window_resize,4800,"[1440, 900]",1524593108286
A0017268R9SKD8U2Y3F:3KAKFY4PGVIYPON4MANQOCLSCHXI3R,initialized,0,,1524594079750
A0017268R9SKD8U2Y3F:3KAKFY4PGVIYPON4MANQOCLSCHXI3R,window_resize,0,"[1024, 768]",1524594079750
A0017268R9SKD8U2Y3F:3KAKFY4PGVIYPON4MANQOCLSCHXI3R,window_resize,4754,"[1920, 1080]",1524594084504
A1BQCRF5Q76YFY:3MHW492WW1T4XGFERZROZ0KSKAAVMH,initialized,0,,1524593086003
A1BQCRF5Q76YFY:3MHW492WW1T4XGFERZROZ0KSKAAVMH,window_resize,0,"[1024, 721]",1524593086003
A1BQCRF5Q76YFY:3MHW492WW1T4XGFERZROZ0KSKAAVMH,window_resize,2985,"[1366, 768]",1524593088988
A3JLE2LJ5I17E2:3YOH7BII0AN97SFB6NE8KNSOV5FVKC,initialized,0,,1524593309266
A3JLE2LJ5I17E2:3YOH7BII0AN97SFB6NE8KNSOV5FVKC,window_resize,0,"[1024, 768]",1524593309266
A3JLE2LJ5I17E2:3YOH7BII0AN97SFB6NE8KNSOV5FVKC,window_resize,3650,"[2304, 1296]",1524593312916
A3JLE2LJ5I17E2:3YOH7BII0AN97SFB6NE8KNSOV5FVKC,window_resize,1251,"[1024, 768]",1524593314167
A3JLE2LJ5I17E2:3YOH7BII0AN97SFB6NE8KNSOV5FVKC,focus,485335,off,1524593799502
A3JLE2LJ5I17E2:3YOH7BII0AN97SFB6NE8KNSOV5FVKC,focus,9841,on,1524593809343
A3JLE2LJ5I17E2:3YOH7BII0AN97SFB6NE8KNSOV5FVKC,focus,21073,off,1524593830416
A3JLE2LJ5I17E2:3YOH7BII0AN97SFB6NE8KNSOV5FVKC,focus,1493,on,1524593831909
A3R0H6P1CWK8UU:3JMSRU9HQJA6LSN1A135MSFJB8JVES,initialized,0,,1524593208180
A3R0H6P1CWK8UU:3JMSRU9HQJA6LSN1A135MSFJB8JVES,window_resize,0,"[1020, 713]",1524593208180
A3R0H6P1CWK8UU:3JMSRU9HQJA6LSN1A135MSFJB8JVES,focus,11663,off,1524593219843
A3R0H6P1CWK8UU:3JMSRU9HQJA6LSN1A135MSFJB8JVES,focus,8799,on,1524593228642
A3R0H6P1CWK8UU:3JMSRU9HQJA6LSN1A135MSFJB8JVES,window_resize,1795,"[1024, 768]",1524593230437
AT0COJ1G23ZB0:3X31TUMD7Y245MHVK96KSZYNVXT1L4,initialized,0,,1524506585308
AT0COJ1G23ZB0:3X31TUMD7Y245MHVK96KSZYNVXT1L4,window_resize,0,"[1280, 936]",1524506585308
AT0COJ1G23ZB0:3X31TUMD7Y245MHVK96KSZYNVXT1L4,focus,542,on,1524506585850
AT0COJ1G23ZB0:3X31TUMD7Y245MHVK96KSZYNVXT1L4,window_resize,4926,"[1280, 1024]",1524506590776
A187VXD4ETY6M2:38YMOXR4MVFFN2URUTP3W66K1FD6W0,initialized,0,,1524506104974
A187VXD4ETY6M2:38YMOXR4MVFFN2URUTP3W66K1FD6W0,window_resize,0,"[1024, 768]",1524506104974
A187VXD4ETY6M2:38YMOXR4MVFFN2URUTP3W66K1FD6W0,window_resize,4346,"[1920, 1030]",1524506109320
A187VXD4ETY6M2:38YMOXR4MVFFN2URUTP3W66K1FD6W0,focus,6721,off,1524506116041
A187VXD4ETY6M2:38YMOXR4MVFFN2URUTP3W66K1FD6W0,focus,314394,on,1524506430435
A187VXD4ETY6M2:38YMOXR4MVFFN2URUTP3W66K1FD6W0,window_resize,3760,"[1920, 1080]",1524506434195
A187VXD4ETY6M2:38YMOXR4MVFFN2URUTP3W66K1FD6W0,focus,4526,off,1524506438721
A187VXD4ETY6M2:38YMOXR4MVFFN2URUTP3W66K1FD6W0,focus,227590,on,1524506666311
A187VXD4ETY6M2:38YMOXR4MVFFN2URUTP3W66K1FD6W0,focus,105625,off,1524506771936
A187VXD4ETY6M2:38YMOXR4MVFFN2URUTP3W66K1FD6W0,focus,1252,on,1524506773188
A187VXD4ETY6M2:38YMOXR4MVFFN2URUTP3W66K1FD6W0,focus,61755,off,1524506834943
A187VXD4ETY6M2:38YMOXR4MVFFN2URUTP3W66K1FD6W0,focus,736,on,1524506835679
A187VXD4ETY6M2:38YMOXR4MVFFN2URUTP3W66K1FD6W0,focus,81380,off,1524506917059
A187VXD4ETY6M2:38YMOXR4MVFFN2URUTP3W66K1FD6W0,focus,3672,on,1524506920731
A18SXC3JEN1O0U:3L2IS5HSFBYA2JBEYAWJGT79BPSNUT,initialized,0,,1524506657620
A18SXC3JEN1O0U:3L2IS5HSFBYA2JBEYAWJGT79BPSNUT,window_resize,0,"[1026, 730]",1524506657620
A18SXC3JEN1O0U:3L2IS5HSFBYA2JBEYAWJGT79BPSNUT,window_resize,6366,"[1024, 768]",1524506663986
AM8OWAW9TUVLN:36WLNQG780QRCEPV5KC5LGLC8CKEBE,initialized,0,,1524506719918
AM8OWAW9TUVLN:36WLNQG780QRCEPV5KC5LGLC8CKEBE,window_resize,1,"[1024, 724]",1524506719919
AM8OWAW9TUVLN:36WLNQG780QRCEPV5KC5LGLC8CKEBE,window_resize,4057,"[1366, 680]",1524506723976
AM8OWAW9TUVLN:36WLNQG780QRCEPV5KC5LGLC8CKEBE,window_resize,3547,"[1366, 768]",1524506727523
AM8OWAW9TUVLN:36WLNQG780QRCEPV5KC5LGLC8CKEBE,focus,179478,off,1524506907001
AM8OWAW9TUVLN:36WLNQG780QRCEPV5KC5LGLC8CKEBE,focus,0,on,1524506907001
A3SL5QRF7MX2P1:31UV0MXWNRS133A80TBJ39JCQDOI5H,initialized,0,,1524593234962
A3SL5QRF7MX2P1:31UV0MXWNRS133A80TBJ39JCQDOI5H,window_resize,1,"[1280, 630]",1524593234963
A3SL5QRF7MX2P1:31UV0MXWNRS133A80TBJ39JCQDOI5H,window_resize,3688,"[1280, 720]",1524593238651
A1N1EF0MIRSEZZ:3KAKFY4PGVIYPON4MANQOCLSCE73IG,initialized,0,,1524514210198
A1N1EF0MIRSEZZ:3KAKFY4PGVIYPON4MANQOCLSCE73IG,window_resize,2,"[1024, 768]",1524514210200
A1N1EF0MIRSEZZ:3KAKFY4PGVIYPON4MANQOCLSCE73IG,window_resize,9392,"[1920, 1080]",1524514219592
A2YP60DM1HYTH8:32N49TQG3HY3VF6PUW1JQ9PSQTLVAX,initialized,0,,1524593322064
A2YP60DM1HYTH8:32N49TQG3HY3VF6PUW1JQ9PSQTLVAX,window_resize,0,"[1366, 677]",1524593322064
A2YP60DM1HYTH8:32N49TQG3HY3VF6PUW1JQ9PSQTLVAX,window_resize,4428,"[1366, 768]",1524593326492
AYPOAY43REHC8:30X31N5D646N3NPL01WEFM5LRPRSAP,initialized,0,,1524593195696
AYPOAY43REHC8:30X31N5D646N3NPL01WEFM5LRPRSAP,window_resize,0,"[1024, 768]",1524593195696
AYPOAY43REHC8:30X31N5D646N3NPL01WEFM5LRPRSAP,focus,2533,on,1524593198229
AYPOAY43REHC8:30X31N5D646N3NPL01WEFM5LRPRSAP,window_resize,1406,"[1600, 900]",1524593199635
AYPOAY43REHC8:30X31N5D646N3NPL01WEFM5LRPRSAP,focus,619,off,1524593200254
AYPOAY43REHC8:30X31N5D646N3NPL01WEFM5LRPRSAP,focus,3269,on,1524593203523
AYPOAY43REHC8:30X31N5D646N3NPL01WEFM5LRPRSAP,focus,5937,off,1524593209460
AYPOAY43REHC8:30X31N5D646N3NPL01WEFM5LRPRSAP,window_resize,620,"[1600, 899]",1524593210080
AYPOAY43REHC8:30X31N5D646N3NPL01WEFM5LRPRSAP,focus,12811,on,1524593222891
AYPOAY43REHC8:30X31N5D646N3NPL01WEFM5LRPRSAP,window_resize,217,"[1600, 900]",1524593223108
AYPOAY43REHC8:30X31N5D646N3NPL01WEFM5LRPRSAP,focus,15124,off,1524593238232
AYPOAY43REHC8:30X31N5D646N3NPL01WEFM5LRPRSAP,focus,2035,on,1524593240267
AYPOAY43REHC8:30X31N5D646N3NPL01WEFM5LRPRSAP,focus,155587,off,1524593395854
AYPOAY43REHC8:30X31N5D646N3NPL01WEFM5LRPRSAP,focus,1030,on,1524593396884
AYPOAY43REHC8:30X31N5D646N3NPL01WEFM5LRPRSAP,focus,1603,off,1524593398487
AYPOAY43REHC8:30X31N5D646N3NPL01WEFM5LRPRSAP,focus,1871,on,1524593400358
AYPOAY43REHC8:30X31N5D646N3NPL01WEFM5LRPRSAP,focus,2454,off,1524593402812
AYPOAY43REHC8:30X31N5D646N3NPL01WEFM5LRPRSAP,focus,987,on,1524593403799
AYPOAY43REHC8:30X31N5D646N3NPL01WEFM5LRPRSAP,focus,3799,off,1524593407598
AYPOAY43REHC8:30X31N5D646N3NPL01WEFM5LRPRSAP,window_resize,500,"[1600, 899]",1524593408098
AYPOAY43REHC8:30X31N5D646N3NPL01WEFM5LRPRSAP,focus,3588,on,1524593411686
AYPOAY43REHC8:30X31N5D646N3NPL01WEFM5LRPRSAP,window_resize,208,"[1600, 900]",1524593411894
AYPOAY43REHC8:30X31N5D646N3NPL01WEFM5LRPRSAP,focus,4232,off,1524593416126
AYPOAY43REHC8:30X31N5D646N3NPL01WEFM5LRPRSAP,window_resize,625,"[1600, 899]",1524593416751
AYPOAY43REHC8:30X31N5D646N3NPL01WEFM5LRPRSAP,focus,2408,on,1524593419159
AYPOAY43REHC8:30X31N5D646N3NPL01WEFM5LRPRSAP,window_resize,225,"[1600, 900]",1524593419384
A28AX4H70DPKKK:3FQ5JJ512M4WZN624WSHA6YB92DNKN,initialized,0,,1524594079583
A28AX4H70DPKKK:3FQ5JJ512M4WZN624WSHA6YB92DNKN,window_resize,0,"[1024, 768]",1524594079583
A28AX4H70DPKKK:3FQ5JJ512M4WZN624WSHA6YB92DNKN,window_resize,7228,"[1920, 1080]",1524594086811
AV7A20KYBTQHL:3NPFYT4IZDKW9VONGBUBAGXG4Z6XGE,initialized,0,,1524593103345
AV7A20KYBTQHL:3NPFYT4IZDKW9VONGBUBAGXG4Z6XGE,window_resize,0,"[980, 637]",1524593103345
A33SKY7HS5PDT6:39ASUFLU6YNYPHSWAG4NADC4RJRXEX,initialized,0,,1524593560751
A33SKY7HS5PDT6:39ASUFLU6YNYPHSWAG4NADC4RJRXEX,window_resize,0,"[1024, 721]",1524593560751
A33SKY7HS5PDT6:39ASUFLU6YNYPHSWAG4NADC4RJRXEX,window_resize,6598,"[1366, 768]",1524593567349
A1RATFICCKLCQ:317HQ483I885TSGE4T75XQJYHU2NII,initialized,0,,1524506714814
A1RATFICCKLCQ:317HQ483I885TSGE4T75XQJYHU2NII,window_resize,1,"[1024, 768]",1524506714815
A1RATFICCKLCQ:317HQ483I885TSGE4T75XQJYHU2NII,window_resize,6231,"[1680, 1050]",1524506721046
AB7LYMORLR5H0:308Q0PEVB9TK4QCK3JO0FPOEC5N9I7,initialized,0,,1524510568161
AB7LYMORLR5H0:308Q0PEVB9TK4QCK3JO0FPOEC5N9I7,window_resize,0,"[1024, 721]",1524510568161
AB7LYMORLR5H0:308Q0PEVB9TK4QCK3JO0FPOEC5N9I7,window_resize,5918,"[1366, 768]",1524510574079
A3OB6REG5CGHK1:36PW28KO40CMT4K3Z6C9Q516QUZEAJ,initialized,0,,1524507172255
A3OB6REG5CGHK1:36PW28KO40CMT4K3Z6C9Q516QUZEAJ,window_resize,0,"[1366, 718]",1524507172255
A3OB6REG5CGHK1:36PW28KO40CMT4K3Z6C9Q516QUZEAJ,window_resize,6795,"[1366, 768]",1524507179050
A2G8J7LM6D1DLT:3ZSANO2JCGNIZE6TBHI6TNGCO54FSP,initialized,0,,1524593113047
A2G8J7LM6D1DLT:3ZSANO2JCGNIZE6TBHI6TNGCO54FSP,window_resize,1,"[1024, 768]",1524593113048
A2G8J7LM6D1DLT:3ZSANO2JCGNIZE6TBHI6TNGCO54FSP,window_resize,13129,"[1600, 900]",1524593126177
A1T3ROSW2LC4FG:3DL65MZB8EVAMJH1JK80W0RUQXKECL,initialized,0,,1524507201669
A1T3ROSW2LC4FG:3DL65MZB8EVAMJH1JK80W0RUQXKECL,window_resize,0,"[1032, 652]",1524507201669
A1T3ROSW2LC4FG:3DL65MZB8EVAMJH1JK80W0RUQXKECL,window_resize,549,"[1120, 612]",1524507202218
A1T3ROSW2LC4FG:3DL65MZB8EVAMJH1JK80W0RUQXKECL,window_resize,4035,"[1120, 700]",1524507206253
A2UTDZAZV1DF0N:326O153BMJEKRBNFJG3BG69CBXWEDL,initialized,0,,1524507150962
A2UTDZAZV1DF0N:326O153BMJEKRBNFJG3BG69CBXWEDL,window_resize,0,"[1024, 722]",1524507150962
A2UTDZAZV1DF0N:326O153BMJEKRBNFJG3BG69CBXWEDL,window_resize,5112,"[1366, 768]",1524507156074
AJG4Y1OT9N50T:32UTUBMZ7HC8EPBH0A1FLK9Y8B6VBS,initialized,0,,1524594127449
AJG4Y1OT9N50T:32UTUBMZ7HC8EPBH0A1FLK9Y8B6VBS,window_resize,0,"[1024, 768]",1524594127449
AJG4Y1OT9N50T:32UTUBMZ7HC8EPBH0A1FLK9Y8B6VBS,focus,3898,off,1524594131347
AJG4Y1OT9N50T:32UTUBMZ7HC8EPBH0A1FLK9Y8B6VBS,focus,6766,on,1524594138113
AJG4Y1OT9N50T:32UTUBMZ7HC8EPBH0A1FLK9Y8B6VBS,window_resize,2188,"[3440, 1440]",1524594140301
AJG4Y1OT9N50T:32UTUBMZ7HC8EPBH0A1FLK9Y8B6VBS,window_resize,43588,"[1024, 768]",1524594183889
AJG4Y1OT9N50T:32UTUBMZ7HC8EPBH0A1FLK9Y8B6VBS,focus,43671,off,1524594227560
AJG4Y1OT9N50T:32UTUBMZ7HC8EPBH0A1FLK9Y8B6VBS,focus,13292,on,1524594240852
AJG4Y1OT9N50T:32UTUBMZ7HC8EPBH0A1FLK9Y8B6VBS,focus,96723,off,1524594337575
AJG4Y1OT9N50T:32UTUBMZ7HC8EPBH0A1FLK9Y8B6VBS,focus,2708,on,1524594340283
AJG4Y1OT9N50T:32UTUBMZ7HC8EPBH0A1FLK9Y8B6VBS,focus,10873,off,1524594351156
AJG4Y1OT9N50T:32UTUBMZ7HC8EPBH0A1FLK9Y8B6VBS,focus,2511,on,1524594353667
AJG4Y1OT9N50T:32UTUBMZ7HC8EPBH0A1FLK9Y8B6VBS,focus,4647,off,1524594358314
AJG4Y1OT9N50T:32UTUBMZ7HC8EPBH0A1FLK9Y8B6VBS,focus,2150,on,1524594360464
AJG4Y1OT9N50T:32UTUBMZ7HC8EPBH0A1FLK9Y8B6VBS,focus,7147,off,1524594367611
AJG4Y1OT9N50T:32UTUBMZ7HC8EPBH0A1FLK9Y8B6VBS,focus,2610,on,1524594370221
AJG4Y1OT9N50T:32UTUBMZ7HC8EPBH0A1FLK9Y8B6VBS,focus,29716,off,1524594399937
AJG4Y1OT9N50T:32UTUBMZ7HC8EPBH0A1FLK9Y8B6VBS,focus,1686,on,1524594401623
AJG4Y1OT9N50T:32UTUBMZ7HC8EPBH0A1FLK9Y8B6VBS,focus,3221,off,1524594404844
AJG4Y1OT9N50T:32UTUBMZ7HC8EPBH0A1FLK9Y8B6VBS,focus,1046,on,1524594405890
AJG4Y1OT9N50T:32UTUBMZ7HC8EPBH0A1FLK9Y8B6VBS,focus,2352,off,1524594408242
AJG4Y1OT9N50T:32UTUBMZ7HC8EPBH0A1FLK9Y8B6VBS,focus,1924,on,1524594410166
AJG4Y1OT9N50T:32UTUBMZ7HC8EPBH0A1FLK9Y8B6VBS,focus,6820,off,1524594416986
AJG4Y1OT9N50T:32UTUBMZ7HC8EPBH0A1FLK9Y8B6VBS,focus,1407,on,1524594418393
AJG4Y1OT9N50T:32UTUBMZ7HC8EPBH0A1FLK9Y8B6VBS,focus,1200,off,1524594419593
AJG4Y1OT9N50T:32UTUBMZ7HC8EPBH0A1FLK9Y8B6VBS,focus,2281,on,1524594421874
AJG4Y1OT9N50T:32UTUBMZ7HC8EPBH0A1FLK9Y8B6VBS,focus,1118,off,1524594422992
AJG4Y1OT9N50T:32UTUBMZ7HC8EPBH0A1FLK9Y8B6VBS,focus,2042,on,1524594425034
AJG4Y1OT9N50T:32UTUBMZ7HC8EPBH0A1FLK9Y8B6VBS,focus,2412,off,1524594427446
AJG4Y1OT9N50T:32UTUBMZ7HC8EPBH0A1FLK9Y8B6VBS,focus,977,on,1524594428423
AJG4Y1OT9N50T:32UTUBMZ7HC8EPBH0A1FLK9Y8B6VBS,focus,4972,off,1524594433395
AJG4Y1OT9N50T:32UTUBMZ7HC8EPBH0A1FLK9Y8B6VBS,focus,1497,on,1524594434892
AJG4Y1OT9N50T:32UTUBMZ7HC8EPBH0A1FLK9Y8B6VBS,focus,1425,off,1524594436317
AJG4Y1OT9N50T:32UTUBMZ7HC8EPBH0A1FLK9Y8B6VBS,focus,1901,on,1524594438218
AJG4Y1OT9N50T:32UTUBMZ7HC8EPBH0A1FLK9Y8B6VBS,focus,2215,off,1524594440433
AJG4Y1OT9N50T:32UTUBMZ7HC8EPBH0A1FLK9Y8B6VBS,focus,2105,on,1524594442538
AJG4Y1OT9N50T:32UTUBMZ7HC8EPBH0A1FLK9Y8B6VBS,focus,5106,off,1524594447644
AJG4Y1OT9N50T:32UTUBMZ7HC8EPBH0A1FLK9Y8B6VBS,focus,1566,on,1524594449210
AJG4Y1OT9N50T:32UTUBMZ7HC8EPBH0A1FLK9Y8B6VBS,focus,15234,off,1524594464444
AJG4Y1OT9N50T:32UTUBMZ7HC8EPBH0A1FLK9Y8B6VBS,focus,1251,on,1524594465695
AJG4Y1OT9N50T:32UTUBMZ7HC8EPBH0A1FLK9Y8B6VBS,focus,2926,off,1524594468621
AJG4Y1OT9N50T:32UTUBMZ7HC8EPBH0A1FLK9Y8B6VBS,focus,1048,on,1524594469669
AJG4Y1OT9N50T:32UTUBMZ7HC8EPBH0A1FLK9Y8B6VBS,focus,2310,off,1524594471979
AJG4Y1OT9N50T:32UTUBMZ7HC8EPBH0A1FLK9Y8B6VBS,focus,1571,on,1524594473550
AJG4Y1OT9N50T:32UTUBMZ7HC8EPBH0A1FLK9Y8B6VBS,focus,2467,off,1524594476017
AJG4Y1OT9N50T:32UTUBMZ7HC8EPBH0A1FLK9Y8B6VBS,focus,1069,on,1524594477086
AJG4Y1OT9N50T:32UTUBMZ7HC8EPBH0A1FLK9Y8B6VBS,focus,1878,off,1524594478964
AJG4Y1OT9N50T:32UTUBMZ7HC8EPBH0A1FLK9Y8B6VBS,focus,1502,on,1524594480466
AJG4Y1OT9N50T:32UTUBMZ7HC8EPBH0A1FLK9Y8B6VBS,focus,2129,off,1524594482595
AJG4Y1OT9N50T:32UTUBMZ7HC8EPBH0A1FLK9Y8B6VBS,focus,3742,on,1524594486337
AJG4Y1OT9N50T:32UTUBMZ7HC8EPBH0A1FLK9Y8B6VBS,focus,4067,off,1524594490404
AJG4Y1OT9N50T:32UTUBMZ7HC8EPBH0A1FLK9Y8B6VBS,focus,6813,on,1524594497217
AJG4Y1OT9N50T:32UTUBMZ7HC8EPBH0A1FLK9Y8B6VBS,focus,919,off,1524594498136
AJG4Y1OT9N50T:32UTUBMZ7HC8EPBH0A1FLK9Y8B6VBS,focus,3796,on,1524594501932
AJG4Y1OT9N50T:32UTUBMZ7HC8EPBH0A1FLK9Y8B6VBS,focus,1088,off,1524594503020
AJG4Y1OT9N50T:32UTUBMZ7HC8EPBH0A1FLK9Y8B6VBS,focus,2958,on,1524594505978
AJG4Y1OT9N50T:32UTUBMZ7HC8EPBH0A1FLK9Y8B6VBS,focus,15992,off,1524594521970
AJG4Y1OT9N50T:32UTUBMZ7HC8EPBH0A1FLK9Y8B6VBS,focus,7337,on,1524594529307
AJG4Y1OT9N50T:32UTUBMZ7HC8EPBH0A1FLK9Y8B6VBS,focus,4266,off,1524594533573
AJG4Y1OT9N50T:32UTUBMZ7HC8EPBH0A1FLK9Y8B6VBS,focus,6415,on,1524594539988
AJG4Y1OT9N50T:32UTUBMZ7HC8EPBH0A1FLK9Y8B6VBS,focus,947,off,1524594540935
AJG4Y1OT9N50T:32UTUBMZ7HC8EPBH0A1FLK9Y8B6VBS,focus,5497,on,1524594546432
AJG4Y1OT9N50T:32UTUBMZ7HC8EPBH0A1FLK9Y8B6VBS,focus,2169,off,1524594548601
AJG4Y1OT9N50T:32UTUBMZ7HC8EPBH0A1FLK9Y8B6VBS,focus,2363,on,1524594550964
AJG4Y1OT9N50T:32UTUBMZ7HC8EPBH0A1FLK9Y8B6VBS,focus,5146,off,1524594556110
AJG4Y1OT9N50T:32UTUBMZ7HC8EPBH0A1FLK9Y8B6VBS,focus,2819,on,1524594558929
AJG4Y1OT9N50T:32UTUBMZ7HC8EPBH0A1FLK9Y8B6VBS,focus,5999,off,1524594564928
AJG4Y1OT9N50T:32UTUBMZ7HC8EPBH0A1FLK9Y8B6VBS,focus,2437,on,1524594567365
AJG4Y1OT9N50T:32UTUBMZ7HC8EPBH0A1FLK9Y8B6VBS,focus,2348,off,1524594569713
AJG4Y1OT9N50T:32UTUBMZ7HC8EPBH0A1FLK9Y8B6VBS,focus,2179,on,1524594571892
AJG4Y1OT9N50T:32UTUBMZ7HC8EPBH0A1FLK9Y8B6VBS,focus,5324,off,1524594577216
AJG4Y1OT9N50T:32UTUBMZ7HC8EPBH0A1FLK9Y8B6VBS,focus,113,on,1524594577329
AJG4Y1OT9N50T:32UTUBMZ7HC8EPBH0A1FLK9Y8B6VBS,focus,9889,off,1524594587218
AJG4Y1OT9N50T:32UTUBMZ7HC8EPBH0A1FLK9Y8B6VBS,focus,2774,on,1524594589992
AJG4Y1OT9N50T:32UTUBMZ7HC8EPBH0A1FLK9Y8B6VBS,focus,1383,off,1524594591375
AJG4Y1OT9N50T:32UTUBMZ7HC8EPBH0A1FLK9Y8B6VBS,focus,3481,on,1524594594856
AJG4Y1OT9N50T:32UTUBMZ7HC8EPBH0A1FLK9Y8B6VBS,focus,1010,off,1524594595866
AJG4Y1OT9N50T:32UTUBMZ7HC8EPBH0A1FLK9Y8B6VBS,focus,3102,on,1524594598968
AJG4Y1OT9N50T:32UTUBMZ7HC8EPBH0A1FLK9Y8B6VBS,focus,26192,off,1524594625160
AJG4Y1OT9N50T:32UTUBMZ7HC8EPBH0A1FLK9Y8B6VBS,focus,2175,on,1524594627335
AJG4Y1OT9N50T:32UTUBMZ7HC8EPBH0A1FLK9Y8B6VBS,focus,7210,off,1524594634545
AJG4Y1OT9N50T:32UTUBMZ7HC8EPBH0A1FLK9Y8B6VBS,focus,5583,on,1524594640128
AOWY4TEB0UCMX:37C0GNLMHGJGEWU0DYKD4IHZU016DN,initialized,0,,1524514351893
AOWY4TEB0UCMX:37C0GNLMHGJGEWU0DYKD4IHZU016DN,window_resize,0,"[1024, 721]",1524514351893
AOWY4TEB0UCMX:37C0GNLMHGJGEWU0DYKD4IHZU016DN,window_resize,12751,"[1366, 768]",1524514364644
A3F0NFNLOLFJT0:3OS46CRSLGF28DUM4JK7A4N6U6W6VB,initialized,0,,1524515855907
A3F0NFNLOLFJT0:3OS46CRSLGF28DUM4JK7A4N6U6W6VB,window_resize,0,"[1024, 768]",1524515855907
A3F0NFNLOLFJT0:3OS46CRSLGF28DUM4JK7A4N6U6W6VB,window_resize,5173,"[1920, 1080]",1524515861080
A3F0NFNLOLFJT0:3OS46CRSLGF28DUM4JK7A4N6U6W6VB,window_resize,57461,"[1024, 768]",1524515918541
A2E3TO92MCQ9XU:3FIJLY1B6VKLMMQ1J0ECYIB11LXFP9,initialized,0,,1524594249421
A2E3TO92MCQ9XU:3FIJLY1B6VKLMMQ1J0ECYIB11LXFP9,window_resize,0,"[1024, 768]",1524594249421
A2E3TO92MCQ9XU:3FIJLY1B6VKLMMQ1J0ECYIB11LXFP9,window_resize,3627,"[1920, 1080]",1524594253048
A2E3TO92MCQ9XU:3FIJLY1B6VKLMMQ1J0ECYIB11LXFP9,focus,126230,off,1524594379278
A2E3TO92MCQ9XU:3FIJLY1B6VKLMMQ1J0ECYIB11LXFP9,focus,7671,on,1524594386949
A2E3TO92MCQ9XU:3FIJLY1B6VKLMMQ1J0ECYIB11LXFP9,focus,52196,off,1524594439145
A2E3TO92MCQ9XU:3FIJLY1B6VKLMMQ1J0ECYIB11LXFP9,focus,7578,on,1524594446723
A2E3TO92MCQ9XU:3FIJLY1B6VKLMMQ1J0ECYIB11LXFP9,focus,48357,off,1524594495080
A2E3TO92MCQ9XU:3FIJLY1B6VKLMMQ1J0ECYIB11LXFP9,focus,31302,on,1524594526382
A2E3TO92MCQ9XU:3FIJLY1B6VKLMMQ1J0ECYIB11LXFP9,focus,190146,off,1524594716528
A2E3TO92MCQ9XU:3FIJLY1B6VKLMMQ1J0ECYIB11LXFP9,focus,9364,on,1524594725892
A16G6PPH1INQL8:36AHBNMV1SSIXG46JHF5N91ST9YYDH,initialized,0,,1524507208711
A16G6PPH1INQL8:36AHBNMV1SSIXG46JHF5N91ST9YYDH,window_resize,0,"[1024, 721]",1524507208711
A16G6PPH1INQL8:36AHBNMV1SSIXG46JHF5N91ST9YYDH,focus,3676,off,1524507212387
A16G6PPH1INQL8:36AHBNMV1SSIXG46JHF5N91ST9YYDH,focus,36663,on,1524507249050
A16G6PPH1INQL8:36AHBNMV1SSIXG46JHF5N91ST9YYDH,window_resize,3530,"[1366, 768]",1524507252580
AOGT0KZDUX8CC:31Z0PCVWULV6ZL42IYPKF0ZHSWGT7X,initialized,0,,1524507402243
AOGT0KZDUX8CC:31Z0PCVWULV6ZL42IYPKF0ZHSWGT7X,window_resize,1,"[1024, 768]",1524507402244
AOGT0KZDUX8CC:31Z0PCVWULV6ZL42IYPKF0ZHSWGT7X,focus,922,off,1524507403166
AOGT0KZDUX8CC:31Z0PCVWULV6ZL42IYPKF0ZHSWGT7X,focus,64,on,1524507403230
AOGT0KZDUX8CC:31Z0PCVWULV6ZL42IYPKF0ZHSWGT7X,window_resize,4745,"[1280, 1024]",1524507407975
A1ZTSCPETU3UJW:3XXU1SWE8NBN2E59RZDU5GZ2WX90AB,initialized,0,,1524593122199
A1ZTSCPETU3UJW:3XXU1SWE8NBN2E59RZDU5GZ2WX90AB,window_resize,0,"[1024, 768]",1524593122199
A1ZTSCPETU3UJW:3XXU1SWE8NBN2E59RZDU5GZ2WX90AB,window_resize,8784,"[1440, 900]",1524593130983
A35NM2285DUAFH:35L9RVQFCPYISNP3VC16B9ADPH2HU5,initialized,0,,1524593753568
A35NM2285DUAFH:35L9RVQFCPYISNP3VC16B9ADPH2HU5,window_resize,0,"[1024, 768]",1524593753568
A35NM2285DUAFH:35L9RVQFCPYISNP3VC16B9ADPH2HU5,window_resize,3751,"[1920, 1080]",1524593757319
A1PKCBFB4QY19G:37KGEN7NJ46XDZFVX3AHACP53RKPPM,initialized,0,,1524594918710
A1PKCBFB4QY19G:37KGEN7NJ46XDZFVX3AHACP53RKPPM,window_resize,0,"[1280, 621]",1524594918710
A1PKCBFB4QY19G:37KGEN7NJ46XDZFVX3AHACP53RKPPM,window_resize,7048,"[1280, 720]",1524594925758
A3LECJA9RVQQKZ:3SNVL38CI58D8J9BF6J3UV4ZAYZKC2,initialized,0,,1524593792271
A3LECJA9RVQQKZ:3SNVL38CI58D8J9BF6J3UV4ZAYZKC2,window_resize,0,"[1028, 778]",1524593792271
A3LECJA9RVQQKZ:3SNVL38CI58D8J9BF6J3UV4ZAYZKC2,window_resize,3364,"[1536, 774]",1524593795635
A3LECJA9RVQQKZ:3SNVL38CI58D8J9BF6J3UV4ZAYZKC2,window_resize,8863,"[1536, 864]",1524593804498
AEF94JKX6FG92:3UWN2HHPUZLUN6JA951J1SPLQS4NSA,initialized,0,,1524507498023
AEF94JKX6FG92:3UWN2HHPUZLUN6JA951J1SPLQS4NSA,window_resize,0,"[1242, 616]",1524507498023
AEF94JKX6FG92:3UWN2HHPUZLUN6JA951J1SPLQS4NSA,window_resize,9678,"[1242, 698]",1524507507701
AWTGJ45ZWUCHH:33F859I567T3WOGXVLKB6JIP0SCBHR,initialized,0,,1524507845444
AWTGJ45ZWUCHH:33F859I567T3WOGXVLKB6JIP0SCBHR,window_resize,0,"[1024, 768]",1524507845444
AWTGJ45ZWUCHH:33F859I567T3WOGXVLKB6JIP0SCBHR,window_resize,4753,"[1600, 900]",1524507850197
A1ZRAXU8G2ORCF:337RC3OW06IKRYXTRNQ9ZN53K5KVLF,initialized,0,,1524593238208
A1ZRAXU8G2ORCF:337RC3OW06IKRYXTRNQ9ZN53K5KVLF,window_resize,0,"[1024, 768]",1524593238208
A1ZRAXU8G2ORCF:337RC3OW06IKRYXTRNQ9ZN53K5KVLF,window_resize,6593,"[1600, 900]",1524593244801
A1V8MSGK7CVD8B:3KIBXJ1WD6AEH86E5BSUPVYGZCIKOZ,initialized,0,,1524593128444
A1V8MSGK7CVD8B:3KIBXJ1WD6AEH86E5BSUPVYGZCIKOZ,window_resize,0,"[1024, 768]",1524593128444
A1V8MSGK7CVD8B:3KIBXJ1WD6AEH86E5BSUPVYGZCIKOZ,focus,326,on,1524593128770
A1V8MSGK7CVD8B:3KIBXJ1WD6AEH86E5BSUPVYGZCIKOZ,window_resize,2798,"[1680, 950]",1524593131568
A1V8MSGK7CVD8B:3KIBXJ1WD6AEH86E5BSUPVYGZCIKOZ,window_resize,14816,"[1680, 1050]",1524593146384
